-0.247808,0.000621,0.787514,-0.002955,0.030858,0.015852,0.999394,-0.164673,0.049036,0.120135,0.267094,-0.145441,0.002679,-0.158888,-0.135284,-0.123559,0.260409,-0.114357,0.063267,-0.020992,-0.010178,0.008860,0.301806,0.206165,-0.103268,0.869930,0.184551,0.000078,-0.000029,0.219142,-0.189917,0.023145,0.905828,-0.177233,0.000081,-0.000003
-0.247712,0.000611,0.787517,-0.002943,0.030903,0.015877,0.999392,-0.164601,0.049016,0.120098,0.267015,-0.145513,0.002617,-0.158812,-0.135303,-0.123611,0.260337,-0.114463,0.063283,-0.020986,-0.010034,0.008893,0.302091,0.206743,-0.103508,0.869611,0.184493,0.000078,-0.000029,0.218997,-0.190993,0.023780,0.905437,-0.176979,0.000081,-0.000003
-0.247600,0.000602,0.787520,-0.002955,0.030925,0.015903,0.999391,-0.164441,0.049042,0.120061,0.266876,-0.145569,0.002533,-0.158643,-0.135289,-0.123703,0.260276,-0.114564,0.063300,-0.020976,-0.009923,0.008858,0.302479,0.207455,-0.103794,0.869346,0.184596,0.000078,-0.000028,0.218836,-0.192034,0.024432,0.905130,-0.176783,0.000081,-0.000003
-0.247480,0.000593,0.787522,-0.002972,0.030967,0.015929,0.999389,-0.164290,0.049078,0.120028,0.266691,-0.145613,0.002441,-0.158486,-0.135266,-0.123813,0.260187,-0.114662,0.063320,-0.020963,-0.009842,0.008789,0.302940,0.208236,-0.104125,0.869104,0.184767,0.000078,-0.000028,0.218694,-0.192985,0.025067,0.904871,-0.176611,0.000081,-0.000003
-0.247360,0.000586,0.787524,-0.002983,0.031058,0.015953,0.999386,-0.164215,0.049099,0.120004,0.266486,-0.145647,0.002356,-0.158416,-0.135245,-0.123918,0.260032,-0.114752,0.063345,-0.020952,-0.009777,0.008747,0.303464,0.209020,-0.104543,0.868881,0.184929,0.000078,-0.000029,0.218622,-0.193766,0.025688,0.904632,-0.176440,0.000081,-0.000003
-0.247238,0.000580,0.787526,-0.002990,0.031159,0.015976,0.999382,-0.164154,0.049109,0.119984,0.266269,-0.145681,0.002273,-0.158360,-0.135230,-0.124021,0.259854,-0.114834,0.063374,-0.020943,-0.009726,0.008720,0.304032,0.209857,-0.105001,0.868633,0.185091,0.000078,-0.000029,0.218568,-0.194430,0.026272,0.904419,-0.176276,0.000081,-0.000003
-0.247112,0.000573,0.787528,-0.002991,0.031255,0.015997,0.999379,-0.164082,0.049106,0.119959,0.266033,-0.145728,0.002185,-0.158286,-0.135222,-0.124122,0.259679,-0.114891,0.063402,-0.020936,-0.009685,0.008691,0.304618,0.210785,-0.105468,0.868311,0.185250,0.000078,-0.000029,0.218484,-0.194993,0.026805,0.904228,-0.176102,0.000081,-0.000003
-0.246984,0.000567,0.787530,-0.002988,0.031346,0.016020,0.999376,-0.164005,0.049098,0.119933,0.265822,-0.145785,0.002101,-0.158207,-0.135223,-0.124222,0.259527,-0.114960,0.063427,-0.020933,-0.009652,0.008661,0.305214,0.211733,-0.105920,0.867960,0.185371,0.000078,-0.000029,0.218414,-0.195499,0.027281,0.904067,-0.175953,0.000081,-0.000003
-0.246850,0.000561,0.787532,-0.002983,0.031422,0.016045,0.999373,-0.163919,0.049097,0.119913,0.265709,-0.145858,0.002033,-0.158126,-0.135238,-0.124313,0.259448,-0.115096,0.063438,-0.020938,-0.009626,0.008629,0.305805,0.212649,-0.106333,0.867609,0.185429,0.000078,-0.000029,0.218391,-0.196000,0.027703,0.903969,-0.175885,0.000081,-0.000003
-0.246713,0.000555,0.787534,-0.002977,0.031497,0.016072,0.999370,-0.163834,0.049093,0.119889,0.265619,-0.145945,0.001965,-0.158044,-0.135258,-0.124399,0.259399,-0.115266,0.063446,-0.020955,-0.009605,0.008597,0.306368,0.213526,-0.106674,0.867244,0.185416,0.000078,-0.000029,0.218408,-0.196438,0.028069,0.903842,-0.175812,0.000081,-0.000003
-0.246571,0.000550,0.787536,-0.002972,0.031585,0.016101,0.999367,-0.163758,0.049075,0.119850,0.265474,-0.146032,0.001872,-0.157954,-0.135277,-0.124490,0.259317,-0.115437,0.063461,-0.020985,-0.009591,0.008568,0.306879,0.214322,-0.106887,0.866845,0.185298,0.000078,-0.000029,0.218471,-0.196782,0.028354,0.903595,-0.175647,0.000081,-0.000003
-0.246426,0.000545,0.787537,-0.002966,0.031676,0.016136,0.999364,-0.163682,0.049041,0.119787,0.265306,-0.146116,0.001776,-0.157856,-0.135307,-0.124583,0.259243,-0.115608,0.063479,-0.021035,-0.009580,0.008540,0.307326,0.215065,-0.107026,0.866452,0.185119,0.000078,-0.000029,0.218565,-0.197057,0.028617,0.903282,-0.175436,0.000081,-0.000003
-0.246277,0.000541,0.787538,-0.002960,0.031771,0.016183,0.999360,-0.163609,0.048975,0.119669,0.265118,-0.146192,0.001696,-0.157750,-0.135359,-0.124695,0.259205,-0.115778,0.063494,-0.021113,-0.009568,0.008514,0.307681,0.215747,-0.107118,0.866093,0.184890,0.000078,-0.000029,0.218663,-0.197280,0.028900,0.902925,-0.175191,0.000081,-0.000003
-0.246130,0.000538,0.787539,-0.002955,0.031862,0.016237,0.999356,-0.163536,0.048904,0.119531,0.264964,-0.146280,0.001629,-0.157645,-0.135414,-0.124805,0.259180,-0.115961,0.063513,-0.021220,-0.009555,0.008488,0.307973,0.216371,-0.107189,0.865805,0.184656,0.000078,-0.000029,0.218768,-0.197478,0.029232,0.902547,-0.174945,0.000081,-0.000003
-0.245985,0.000535,0.787541,-0.002949,0.031937,0.016288,0.999353,-0.163461,0.048856,0.119430,0.264932,-0.146408,0.001575,-0.157550,-0.135454,-0.124873,0.259165,-0.116165,0.063548,-0.021349,-0.009542,0.008461,0.308235,0.216943,-0.107265,0.865635,0.184476,0.000078,-0.000029,0.218873,-0.197669,0.029675,0.902169,-0.174752,0.000081,-0.000003
-0.245842,0.000532,0.787542,-0.002944,0.032006,0.016333,0.999350,-0.163388,0.048818,0.119354,0.264952,-0.146568,0.001530,-0.157458,-0.135488,-0.124927,0.259161,-0.116380,0.063595,-0.021486,-0.009526,0.008434,0.308443,0.217461,-0.107360,0.865528,0.184321,0.000078,-0.000029,0.218971,-0.197863,0.030154,0.901816,-0.174589,0.000081,-0.000002
-0.245698,0.000529,0.787544,-0.002939,0.032073,0.016365,0.999347,-0.163316,0.048784,0.119306,0.264957,-0.146748,0.001490,-0.157364,-0.135525,-0.124994,0.259166,-0.116596,0.063646,-0.021614,-0.009508,0.008405,0.308593,0.217919,-0.107536,0.865459,0.184187,0.000078,-0.000029,0.219060,-0.198082,0.030617,0.901529,-0.174465,0.000081,-0.000002
-0.245553,0.000525,0.787545,-0.002934,0.032137,0.016388,0.999345,-0.163240,0.048757,0.119278,0.264959,-0.146951,0.001450,-0.157271,-0.135565,-0.125069,0.259178,-0.116811,0.063694,-0.021727,-0.009487,0.008375,0.308657,0.218347,-0.107674,0.865344,0.184059,0.000078,-0.000029,0.219129,-0.198285,0.031041,0.901262,-0.174369,0.000081,-0.000002
-0.245403,0.000520,0.787547,-0.002931,0.032200,0.016413,0.999342,-0.163157,0.048732,0.119254,0.264952,-0.147186,0.001403,-0.157178,-0.135612,-0.125168,0.259194,-0.117022,0.063729,-0.021826,-0.009467,0.008342,0.308578,0.218779,-0.107694,0.865079,0.183928,0.000078,-0.000030,0.219170,-0.198439,0.031386,0.900975,-0.174282,0.000081,-0.000002
-0.245252,0.000518,0.787549,-0.002930,0.032258,0.016430,0.999340,-0.163064,0.048713,0.119241,0.264960,-0.147444,0.001352,-0.157078,-0.135655,-0.125260,0.259215,-0.117231,0.063758,-0.021911,-0.009446,0.008302,0.308408,0.219160,-0.107555,0.864753,0.183782,0.000078,-0.000030,0.219183,-0.198563,0.031670,0.900685,-0.174210,0.000081,-0.000002
-0.245101,0.000529,0.787550,-0.002928,0.032306,0.016430,0.999339,-0.162958,0.048705,0.119241,0.265016,-0.147721,0.001304,-0.156969,-0.135673,-0.125290,0.259243,-0.117444,0.063787,-0.021987,-0.009425,0.008248,0.308173,0.219440,-0.107167,0.864416,0.183591,0.000078,-0.000030,0.219159,-0.198660,0.031903,0.900388,-0.174144,0.000081,-0.000002
-0.244948,0.000543,0.787552,-0.002927,0.032352,0.016414,0.999337,-0.162850,0.048715,0.119272,0.265100,-0.148008,0.001255,-0.156861,-0.135677,-0.125286,0.259275,-0.117660,0.063815,-0.022053,-0.009405,0.008183,0.307895,0.219638,-0.106620,0.864097,0.183387,0.000078,-0.000030,0.219103,-0.198762,0.032075,0.900124,-0.174112,0.000081,-0.000002
-0.244793,0.000556,0.787555,-0.002927,0.032401,0.016379,0.999336,-0.162741,0.048745,0.119353,0.265200,-0.148291,0.001197,-0.156761,-0.135673,-0.125272,0.259308,-0.117872,0.063845,-0.022109,-0.009384,0.008112,0.307607,0.219759,-0.105950,0.863837,0.183169,0.000078,-0.000029,0.219018,-0.198926,0.032185,0.899935,-0.174158,0.000081,-0.000002
-0.244636,0.000569,0.787555,-0.002926,0.032451,0.016341,0.999335,-0.162633,0.048782,0.119450,0.265310,-0.148583,0.001140,-0.156665,-0.135661,-0.125245,0.259341,-0.118088,0.063877,-0.022153,-0.009363,0.008034,0.307323,0.219811,-0.105248,0.863611,0.182979,0.000078,-0.000029,0.218926,-0.199084,0.032203,0.899805,-0.174236,0.000081,-0.000002
-0.244474,0.000583,0.787547,-0.002927,0.032503,0.016317,0.999334,-0.162524,0.048815,0.119527,0.265421,-0.148897,0.001091,-0.156565,-0.135641,-0.125192,0.259379,-0.118316,0.063915,-0.022185,-0.009343,0.007949,0.307074,0.219807,-0.104634,0.863430,0.182871,0.000078,-0.000029,0.218858,-0.199179,0.032090,0.899742,-0.174307,0.000081,-0.000002
-0.244310,0.000596,0.787535,-0.002929,0.032561,0.016300,0.999333,-0.162428,0.048842,0.119582,0.265536,-0.149224,0.001051,-0.156472,-0.135623,-0.125144,0.259433,-0.118556,0.063952,-0.022205,-0.009323,0.007864,0.306833,0.219764,-0.104041,0.863242,0.182816,0.000078,-0.000029,0.218798,-0.199196,0.031886,0.899684,-0.174389,0.000081,-0.000002
-0.244142,0.000607,0.787524,-0.002933,0.032630,0.016286,0.999330,-0.162359,0.048860,0.119598,0.265659,-0.149554,0.001018,-0.156399,-0.135623,-0.125135,0.259511,-0.118821,0.063984,-0.022216,-0.009307,0.007792,0.306570,0.219712,-0.103445,0.863002,0.182811,0.000078,-0.000029,0.218730,-0.199078,0.031631,0.899569,-0.174476,0.000081,-0.000002
-0.243971,0.000617,0.787514,-0.002939,0.032702,0.016273,0.999328,-0.162297,0.048873,0.119588,0.265785,-0.149889,0.000992,-0.156327,-0.135628,-0.125144,0.259605,-0.119100,0.064014,-0.022221,-0.009295,0.007730,0.306273,0.219599,-0.102827,0.862783,0.182845,0.000078,-0.000030,0.218671,-0.198883,0.031275,0.899421,-0.174592,0.000081,-0.000002
-0.243796,0.000629,0.787503,-0.002946,0.032774,0.016264,0.999326,-0.162227,0.048884,0.119564,0.265908,-0.150224,0.000973,-0.156254,-0.135630,-0.125150,0.259705,-0.119381,0.064046,-0.022225,-0.009291,0.007673,0.305918,0.219374,-0.102154,0.862631,0.182906,0.000078,-0.000029,0.218638,-0.198663,0.030772,0.899244,-0.174768,0.000081,-0.000002
-0.243616,0.000639,0.787492,-0.002958,0.032839,0.016260,0.999324,-0.162139,0.048901,0.119526,0.266027,-0.150561,0.000958,-0.156159,-0.135628,-0.125171,0.259811,-0.119672,0.064079,-0.022225,-0.009298,0.007609,0.305511,0.219060,-0.101443,0.862561,0.182997,0.000078,-0.000029,0.218608,-0.198377,0.030144,0.899062,-0.174981,0.000081,-0.000002
-0.243430,0.000649,0.787481,-0.002976,0.032887,0.016261,0.999322,-0.162008,0.048926,0.119475,0.266143,-0.150894,0.000942,-0.156014,-0.135623,-0.125222,0.259919,-0.119978,0.064111,-0.022222,-0.009325,0.007511,0.305072,0.218668,-0.100682,0.862585,0.183094,0.000078,-0.000029,0.218558,-0.198011,0.029429,0.898897,-0.175235,0.000081,-0.000002
-0.243238,0.000657,0.787470,-0.002996,0.032939,0.016269,0.999320,-0.161884,0.048952,0.119418,0.266257,-0.151227,0.000928,-0.155871,-0.135625,-0.125299,0.260032,-0.120300,0.064142,-0.022216,-0.009371,0.007397,0.304583,0.218228,-0.099905,0.862703,0.183245,0.000078,-0.000029,0.218511,-0.197536,0.028550,0.898746,-0.175484,0.000081,-0.000002
-0.243047,0.000664,0.787456,-0.003017,0.033016,0.016295,0.999317,-0.161812,0.048977,0.119358,0.266376,-0.151566,0.000921,-0.155770,-0.135637,-0.125405,0.260157,-0.120651,0.064168,-0.022209,-0.009436,0.007302,0.304031,0.217779,-0.099170,0.862922,0.183517,0.000078,-0.000029,0.218497,-0.196919,0.027426,0.898611,-0.175661,0.000081,-0.000002
-0.242855,0.000669,0.787442,-0.003035,0.033091,0.016331,0.999314,-0.161742,0.048993,0.119296,0.266504,-0.151905,0.000920,-0.155668,-0.135658,-0.125516,0.260296,-0.121010,0.064198,-0.022202,-0.009516,0.007212,0.303441,0.217310,-0.098404,0.863229,0.183842,0.000078,-0.000029,0.218479,-0.196172,0.026157,0.898508,-0.175801,0.000081,-0.000003
-0.242663,0.000674,0.787429,-0.003047,0.033150,0.016369,0.999312,-0.161641,0.048995,0.119236,0.266635,-0.152232,0.000921,-0.155536,-0.135679,-0.125606,0.260444,-0.121350,0.064245,-0.022197,-0.009605,0.007105,0.302830,0.216851,-0.097563,0.863627,0.184209,0.000078,-0.000029,0.218434,-0.195277,0.024798,0.898449,-0.175892,0.000081,-0.000003
-0.242472,0.000678,0.787415,-0.003052,0.033204,0.016409,0.999309,-0.161535,0.048983,0.119179,0.266770,-0.152550,0.000922,-0.155398,-0.135712,-0.125683,0.260596,-0.121684,0.064290,-0.022193,-0.009695,0.006986,0.302230,0.216316,-0.096634,0.864071,0.184520,0.000078,-0.000029,0.218352,-0.194304,0.023462,0.898415,-0.175968,0.000081,-0.000003
-0.242285,0.000682,0.787401,-0.003046,0.033256,0.016453,0.999307,-0.161437,0.048947,0.119116,0.266919,-0.152864,0.000922,-0.155260,-0.135769,-0.125756,0.260746,-0.122025,0.064297,-0.022186,-0.009773,0.006856,0.301681,0.215617,-0.095521,0.864514,0.184619,0.000078,-0.000029,0.218211,-0.193320,0.022274,0.898401,-0.176075,0.000081,-0.000003
-0.242099,0.000686,0.787388,-0.003034,0.033308,0.016496,0.999304,-0.161345,0.048901,0.119060,0.267072,-0.153171,0.000915,-0.155128,-0.135838,-0.125828,0.260900,-0.122365,0.064305,-0.022178,-0.009839,0.006718,0.301181,0.214820,-0.094429,0.864961,0.184665,0.000078,-0.000029,0.218049,-0.192300,0.021250,0.898372,-0.176170,0.000081,-0.000003
-0.241918,0.000690,0.787376,-0.003018,0.033362,0.016533,0.999302,-0.161256,0.048851,0.119022,0.267215,-0.153462,0.000895,-0.155009,-0.135917,-0.125900,0.261063,-0.122698,0.064359,-0.022169,-0.009889,0.006577,0.300753,0.213973,-0.093522,0.865427,0.184772,0.000078,-0.000029,0.217885,-0.191224,0.020443,0.898303,-0.176261,0.000081,-0.000003
-0.241737,0.000693,0.787364,-0.002999,0.033419,0.016566,0.999300,-0.161170,0.048802,0.118988,0.267359,-0.153745,0.000863,-0.154900,-0.135997,-0.125964,0.261231,-0.123029,0.064421,-0.022161,-0.009923,0.006437,0.300352,0.213063,-0.092826,0.865833,0.184929,0.000078,-0.000029,0.217760,-0.190124,0.019804,0.898185,-0.176285,0.000081,-0.000003
-0.241552,0.000696,0.787352,-0.002981,0.033482,0.016593,0.999297,-0.161094,0.048757,0.118954,0.267507,-0.154033,0.000825,-0.154803,-0.136072,-0.126013,0.261399,-0.123362,0.064448,-0.022154,-0.009945,0.006304,0.299936,0.212073,-0.092470,0.866128,0.185192,0.000078,-0.000029,0.217718,-0.189001,0.019265,0.897991,-0.176126,0.000081,-0.000003
-0.241362,0.000699,0.787340,-0.002958,0.033540,0.016615,0.999295,-0.161006,0.048707,0.118922,0.267667,-0.154326,0.000779,-0.154699,-0.136148,-0.126036,0.261572,-0.123698,0.064466,-0.022147,-0.009946,0.006170,0.299526,0.211067,-0.092279,0.866265,0.185479,0.000078,-0.000029,0.217752,-0.187902,0.018892,0.897792,-0.175983,0.000081,-0.000002
-0.241168,0.000701,0.787328,-0.002931,0.033584,0.016629,0.999293,-0.160887,0.048658,0.118889,0.267852,-0.154630,0.000723,-0.154568,-0.136219,-0.126023,0.261753,-0.124033,0.064493,-0.022141,-0.009926,0.006015,0.299105,0.210100,-0.092124,0.866157,0.185717,0.000078,-0.000029,0.217877,-0.186860,0.018777,0.897670,-0.176070,0.000081,-0.000002
-0.240970,0.000704,0.787316,-0.002891,0.033623,0.016639,0.999292,-0.160752,0.048582,0.118868,0.268047,-0.154943,0.000658,-0.154428,-0.136310,-0.125981,0.261942,-0.124375,0.064539,-0.022134,-0.009864,0.005840,0.298702,0.209163,-0.091969,0.865926,0.185949,0.000078,-0.000030,0.218041,-0.185918,0.018776,0.897553,-0.176225,0.000081,-0.000002
-0.240769,0.000706,0.787304,-0.002819,0.033657,0.016647,0.999291,-0.160599,0.048452,0.118875,0.268245,-0.155270,0.000590,-0.154290,-0.136457,-0.125918,0.262148,-0.124727,0.064626,-0.022125,-0.009723,0.005643,0.298316,0.208273,-0.091738,0.865641,0.186212,0.000078,-0.000030,0.218196,-0.185129,0.018765,0.897389,-0.176336,0.000080,-0.000002
-0.240564,0.000708,0.787291,-0.002747,0.033692,0.016652,0.999290,-0.160441,0.048316,0.118875,0.268443,-0.155605,0.000511,-0.154151,-0.136607,-0.125848,0.262366,-0.125099,0.064739,-0.022115,-0.009518,0.005424,0.297978,0.207398,-0.091401,0.865395,0.186448,0.000078,-0.000030,0.218311,-0.184503,0.018749,0.897195,-0.176461,0.000080,-0.000002
-0.240357,0.000709,0.787279,-0.002688,0.033729,0.016657,0.999289,-0.160289,0.048194,0.118831,0.268639,-0.155939,0.000405,-0.154011,-0.136728,-0.125783,0.262598,-0.125507,0.064869,-0.022103,-0.009272,0.005187,0.297745,0.206511,-0.090874,0.865317,0.186589,0.000078,-0.000029,0.218328,-0.184073,0.018721,0.896966,-0.176653,0.000080,-0.000002
-0.240149,0.000711,0.787266,-0.002639,0.033770,0.016662,0.999287,-0.160142,0.048090,0.118774,0.268833,-0.156273,0.000292,-0.153870,-0.136831,-0.125731,0.262832,-0.125929,0.065002,-0.022091,-0.008992,0.004933,0.297571,0.205625,-0.090260,0.865349,0.186675,0.000078,-0.000029,0.218311,-0.183771,0.018596,0.896742,-0.176848,0.000080,-0.000002
-0.239941,0.000712,0.787254,-0.002602,0.033813,0.016671,0.999286,-0.160003,0.048017,0.118725,0.269022,-0.156603,0.000199,-0.153729,-0.136913,-0.125705,0.263050,-0.126334,0.065122,-0.022082,-0.008693,0.004664,0.297438,0.204738,-0.089635,0.865468,0.186708,0.000078,-0.000029,0.218311,-0.183525,0.018256,0.896542,-0.176960,0.000080,-0.000003
-0.239732,0.000714,0.787241,-0.002573,0.033863,0.016684,0.999284,-0.159876,0.047967,0.118680,0.269203,-0.156929,0.000107,-0.153589,-0.136986,-0.125714,0.263259,-0.126741,0.065222,-0.022072,-0.008380,0.004387,0.297348,0.203878,-0.089038,0.865622,0.186706,0.000078,-0.000029,0.218325,-0.183364,0.017847,0.896389,-0.177088,0.000080,-0.000003
-0.239519,0.000717,0.787230,-0.002550,0.033924,0.016702,0.999282,-0.159764,0.047937,0.118649,0.269367,-0.157246,-0.000002,-0.153452,-0.137066,-0.125779,0.263467,-0.127173,0.065291,-0.022061,-0.008057,0.004108,0.297303,0.203068,-0.088514,0.865751,0.186672,0.000078,-0.000029,0.218369,-0.183320,0.017509,0.896319,-0.177327,0.000080,-0.000003
-0.239305,0.000717,0.787219,-0.002538,0.033994,0.016728,0.999279,-0.159670,0.047933,0.118614,0.269523,-0.157553,-0.000121,-0.153325,-0.137131,-0.125877,0.263672,-0.127607,0.065335,-0.022049,-0.007739,0.003836,0.297287,0.202317,-0.088135,0.865844,0.186656,0.000078,-0.000029,0.218456,-0.183332,0.017195,0.896291,-0.177589,0.000080,-0.000003
-0.239095,0.000708,0.787208,-0.002538,0.034071,0.016771,0.999275,-0.159597,0.047960,0.118562,0.269685,-0.157847,-0.000240,-0.153217,-0.137154,-0.125968,0.263869,-0.127999,0.065356,-0.022039,-0.007439,0.003577,0.297263,0.201628,-0.088021,0.865878,0.186722,0.000078,-0.000029,0.218605,-0.183350,0.016915,0.896285,-0.177824,0.000080,-0.000003
-0.238887,0.000691,0.787199,-0.002550,0.034154,0.016819,0.999272,-0.159540,0.048017,0.118482,0.269847,-0.158135,-0.000370,-0.153126,-0.137132,-0.126064,0.264062,-0.128390,0.065353,-0.022029,-0.007176,0.003339,0.297270,0.201049,-0.088029,0.865864,0.186839,0.000078,-0.000029,0.218789,-0.183360,0.016661,0.896268,-0.178013,0.000080,-0.000003
-0.238678,0.000665,0.787189,-0.002587,0.034246,0.016864,0.999268,-0.159501,0.048118,0.118359,0.270002,-0.158423,-0.000527,-0.153050,-0.137052,-0.126179,0.264261,-0.128825,0.065329,-0.022022,-0.006976,0.003129,0.297347,0.200649,-0.088057,0.865816,0.187021,0.000078,-0.000029,0.219005,-0.183314,0.016399,0.896216,-0.178096,0.000080,-0.000003
-0.238473,0.000629,0.787180,-0.002625,0.034338,0.016907,0.999264,-0.159466,0.048225,0.118220,0.270152,-0.158702,-0.000702,-0.152982,-0.136956,-0.126296,0.264466,-0.129273,0.065297,-0.022017,-0.006830,0.002947,0.297471,0.200366,-0.088082,0.865734,0.187205,0.000078,-0.000029,0.219190,-0.183286,0.016233,0.896140,-0.178129,0.000080,-0.000003
-0.238271,0.000586,0.787171,-0.002651,0.034425,0.016942,0.999260,-0.159423,0.048330,0.118077,0.270306,-0.158969,-0.000884,-0.152914,-0.136872,-0.126410,0.264671,-0.129695,0.065258,-0.022015,-0.006721,0.002785,0.297628,0.200143,-0.088052,0.865620,0.187316,0.000078,-0.000029,0.219269,-0.183298,0.016257,0.896035,-0.178148,0.000080,-0.000003
-0.238072,0.000534,0.787162,-0.002675,0.034507,0.016980,0.999257,-0.159371,0.048444,0.117920,0.270435,-0.159219,-0.001080,-0.152840,-0.136778,-0.126521,0.264879,-0.130113,0.065212,-0.022016,-0.006652,0.002638,0.297824,0.199993,-0.087976,0.865497,0.187405,0.000078,-0.000030,0.219248,-0.183455,0.016403,0.895957,-0.178181,0.000080,-0.000003
-0.237874,0.000473,0.787153,-0.002698,0.034582,0.017026,0.999253,-0.159306,0.048545,0.117742,0.270502,-0.159447,-0.001297,-0.152757,-0.136671,-0.126625,0.265093,-0.130544,0.065160,-0.022020,-0.006624,0.002500,0.298050,0.199902,-0.087863,0.865380,0.187508,0.000078,-0.000030,0.219118,-0.183941,0.016698,0.895984,-0.178354,0.000080,-0.000003
-0.237678,0.000401,0.787146,-0.002730,0.034657,0.017085,0.999249,-0.159236,0.048670,0.117533,0.270532,-0.159651,-0.001531,-0.152669,-0.136538,-0.126759,0.265315,-0.130991,0.065101,-0.022025,-0.006654,0.002371,0.298317,0.199895,-0.087691,0.865283,0.187606,0.000078,-0.000030,0.218911,-0.184509,0.016883,0.895996,-0.178447,0.000081,-0.000003
-0.237488,0.000317,0.787140,-0.002783,0.034732,0.017168,0.999245,-0.159163,0.048853,0.117289,0.270547,-0.159834,-0.001784,-0.152577,-0.136363,-0.126964,0.265548,-0.131466,0.065038,-0.022033,-0.006772,0.002251,0.298658,0.200004,-0.087434,0.865236,0.187683,0.000078,-0.000030,0.218670,-0.184958,0.016629,0.895879,-0.178193,0.000081,-0.000003
-0.237300,0.000221,0.787135,-0.002839,0.034814,0.017272,0.999241,-0.159097,0.049059,0.117018,0.270548,-0.159993,-0.002042,-0.152494,-0.136177,-0.127217,0.265791,-0.131963,0.064971,-0.022044,-0.006972,0.002147,0.299031,0.200220,-0.087109,0.865206,0.187772,0.000078,-0.000030,0.218411,-0.185340,0.016231,0.895612,-0.177854,0.000081,-0.000003
-0.237117,0.000110,0.787130,-0.002891,0.034911,0.017403,0.999235,-0.159048,0.049282,0.116722,0.270549,-0.160112,-0.002275,-0.152436,-0.135987,-0.127528,0.266042,-0.132471,0.064898,-0.022059,-0.007249,0.002073,0.299392,0.200557,-0.086709,0.865164,0.187903,0.000078,-0.000030,0.218122,-0.185650,0.015876,0.895105,-0.177612,0.000081,-0.000004
-0.236936,-0.000012,0.787125,-0.002935,0.035009,0.017529,0.999229,-0.158996,0.049507,0.116441,0.270528,-0.160212,-0.002512,-0.152385,-0.135795,-0.127827,0.266298,-0.132995,0.064823,-0.022108,-0.007589,0.002024,0.299776,0.200932,-0.086291,0.865147,0.188067,0.000078,-0.000030,0.217903,-0.185887,0.015602,0.894479,-0.177410,0.000080,-0.000004
-0.236755,-0.000142,0.787120,-0.002965,0.035095,0.017622,0.999224,-0.158926,0.049729,0.116214,0.270458,-0.160313,-0.002782,-0.152325,-0.135591,-0.128043,0.266560,-0.133538,0.064743,-0.022230,-0.007980,0.001985,0.300202,0.201248,-0.085935,0.865197,0.188283,0.000078,-0.000030,0.217858,-0.186046,0.015526,0.893847,-0.177255,0.000080,-0.000004
-0.236570,-0.000277,0.787115,-0.002974,0.035187,0.017708,0.999219,-0.158852,0.049918,0.116010,0.270360,-0.160415,-0.003067,-0.152272,-0.135417,-0.128232,0.266818,-0.134111,0.064652,-0.022415,-0.008396,0.001963,0.300680,0.201562,-0.085560,0.865248,0.188511,0.000078,-0.000030,0.217918,-0.186154,0.015587,0.893187,-0.177142,0.000080,-0.000005
-0.236376,-0.000415,0.787110,-0.002953,0.035294,0.017803,0.999214,-0.158787,0.050047,0.115803,0.270264,-0.160536,-0.003348,-0.152226,-0.135308,-0.128435,0.267067,-0.134729,0.064548,-0.022638,-0.008806,0.001970,0.301223,0.201920,-0.085114,0.865234,0.188713,0.000078,-0.000030,0.218042,-0.186231,0.015772,0.892533,-0.177080,0.000080,-0.000005
-0.236171,-0.000559,0.787104,-0.002906,0.035412,0.017893,0.999208,-0.158718,0.050134,0.115617,0.270143,-0.160665,-0.003632,-0.152182,-0.135244,-0.128636,0.267303,-0.135378,0.064432,-0.022916,-0.009189,0.002005,0.301805,0.202251,-0.084581,0.865180,0.188886,0.000078,-0.000030,0.218228,-0.186264,0.016026,0.891840,-0.177055,0.000080,-0.000005
-0.235953,-0.000711,0.787099,-0.002830,0.035542,0.017962,0.999203,-0.158636,0.050196,0.115498,0.269976,-0.160801,-0.003922,-0.152143,-0.135210,-0.128811,0.267525,-0.136034,0.064300,-0.023283,-0.009515,0.002070,0.302400,0.202488,-0.083934,0.865094,0.189005,0.000078,-0.000030,0.218444,-0.186236,0.016316,0.891060,-0.177072,0.000080,-0.000005
-0.235717,-0.000876,0.787093,-0.002732,0.035688,0.018068,0.999196,-0.158550,0.050214,0.115334,0.269747,-0.160919,-0.004233,-0.152078,-0.135221,-0.129053,0.267730,-0.136739,0.064154,-0.023721,-0.009766,0.002163,0.303005,0.202634,-0.083174,0.865017,0.189106,0.000078,-0.000030,0.218756,-0.186156,0.016523,0.890253,-0.177103,0.000080,-0.000005
-0.235459,-0.001063,0.787087,-0.002607,0.035865,0.018257,0.999186,-0.158492,0.050158,0.115031,0.269423,-0.160980,-0.004588,-0.151988,-0.135300,-0.129439,0.267922,-0.137544,0.063982,-0.024225,-0.009915,0.002296,0.303620,0.202688,-0.082305,0.865006,0.189225,0.000078,-0.000030,0.219223,-0.186033,0.016565,0.889451,-0.177140,0.000080,-0.000005
-0.235172,-0.001266,0.787080,-0.002479,0.036038,0.018553,0.999175,-0.158393,0.050053,0.114534,0.269027,-0.161009,-0.004965,-0.151783,-0.135427,-0.130040,0.268085,-0.138426,0.063813,-0.024765,-0.009970,0.002423,0.304199,0.202612,-0.081310,0.865068,0.189327,0.000078,-0.000030,0.219809,-0.185861,0.016334,0.888741,-0.177121,0.000080,-0.000005
-0.234840,-0.001478,0.787073,-0.002347,0.036174,0.018998,0.999162,-0.158176,0.049868,0.113777,0.268566,-0.161030,-0.005339,-0.151341,-0.135638,-0.130944,0.268186,-0.139382,0.063693,-0.025273,-0.009929,0.002457,0.304723,0.202364,-0.080205,0.865220,0.189400,0.000078,-0.000030,0.220523,-0.185689,0.015688,0.888225,-0.176971,0.000080,-0.000005
-0.234478,-0.001703,0.787065,-0.002256,0.036320,0.019534,0.999147,-0.157944,0.049725,0.112816,0.268053,-0.161044,-0.005722,-0.150808,-0.135807,-0.132075,0.268240,-0.140370,0.063569,-0.025761,-0.009860,0.002420,0.305143,0.202001,-0.078944,0.865449,0.189385,0.000078,-0.000030,0.221282,-0.185404,0.014783,0.887884,-0.176642,0.000080,-0.000006
-0.234098,-0.001941,0.787058,-0.002252,0.036494,0.020132,0.999129,-0.157740,0.049729,0.111683,0.267489,-0.161053,-0.006117,-0.150242,-0.135816,-0.133389,0.268216,-0.141315,0.063374,-0.026222,-0.009874,0.002336,0.305378,0.201577,-0.077440,0.865743,0.189213,0.000078,-0.000029,0.222010,-0.184880,0.013680,0.887711,-0.175962,0.000080,-0.000006
-0.233695,-0.002200,0.787050,-0.002273,0.036704,0.020761,0.999108,-0.157589,0.049798,0.110460,0.266934,-0.161079,-0.006552,-0.149739,-0.135760,-0.134769,0.268285,-0.142317,0.063140,-0.026676,-0.009970,0.002252,0.305534,0.201121,-0.075835,0.866104,0.188885,0.000078,-0.000028,0.222743,-0.184299,0.012729,0.887686,-0.175129,0.000080,-0.000007
-0.233272,-0.002494,0.787044,-0.002290,0.036964,0.021380,0.999085,-0.157544,0.049916,0.109222,0.266470,-0.161143,-0.007058,-0.149453,-0.135669,-0.136084,0.268692,-0.143506,0.062897,-0.027189,-0.010150,0.002263,0.305708,0.200692,-0.074175,0.866551,0.188359,0.000078,-0.000028,0.223519,-0.183772,0.012323,0.887781,-0.174298,0.000080,-0.000007
-0.232815,-0.002813,0.787035,-0.002295,0.037237,0.022032,0.999061,-0.157498,0.050036,0.107913,0.266060,-0.161268,-0.007631,-0.149227,-0.135583,-0.137423,0.269317,-0.144855,0.062636,-0.027710,-0.010410,0.002349,0.305807,0.200245,-0.072672,0.867115,0.187700,0.000078,-0.000027,0.224233,-0.183491,0.012520,0.888072,-0.173364,0.000080,-0.000008
-0.232303,-0.003154,0.787021,-0.002273,0.037506,0.022740,0.999035,-0.157390,0.050111,0.106506,0.265700,-0.161497,-0.008281,-0.148959,-0.135552,-0.138841,0.270079,-0.146357,0.062365,-0.028161,-0.010717,0.002477,0.305776,0.199779,-0.071745,0.867758,0.187095,0.000078,-0.000026,0.224806,-0.183705,0.013490,0.888621,-0.172328,0.000080,-0.000008
-0.231754,-0.003519,0.787005,-0.002251,0.037780,0.023459,0.999008,-0.157217,0.050221,0.105064,0.265304,-0.161764,-0.008988,-0.148663,-0.135487,-0.140305,0.270862,-0.147917,0.062044,-0.028524,-0.011089,0.002636,0.305456,0.199182,-0.070825,0.868900,0.186140,0.000078,-0.000026,0.225173,-0.184416,0.015517,0.889447,-0.170922,0.000080,-0.000009
-0.231183,-0.003909,0.786990,-0.002268,0.038068,0.024156,0.998981,-0.156956,0.050465,0.103638,0.264760,-0.161995,-0.009738,-0.148339,-0.135283,-0.141812,0.271493,-0.149397,0.061608,-0.028748,-0.011580,0.002815,0.304628,0.198254,-0.069287,0.870752,0.184365,0.000078,-0.000025,0.225223,-0.185600,0.018921,0.890573,-0.168852,0.000080,-0.000010
-0.230583,-0.004320,0.786976,-0.002254,0.038359,0.024824,0.998953,-0.156603,0.050706,0.102290,0.264100,-0.162195,-0.010532,-0.147957,-0.135076,-0.143264,0.272049,-0.150874,0.061117,-0.028860,-0.012117,0.002988,0.303521,0.197400,-0.067811,0.873750,0.182056,0.000078,-0.000025,0.225243,-0.187743,0.024052,0.891716,-0.166036,0.000080,-0.000010
-0.229958,-0.004747,0.786962,-0.002179,0.038629,0.025465,0.998927,-0.156125,0.050874,0.101042,0.263296,-0.162340,-0.011361,-0.147471,-0.134927,-0.144614,0.272553,-0.152393,0.060629,-0.028945,-0.012625,0.003103,0.302243,0.197047,-0.067157,0.878312,0.179603,0.000078,-0.000024,0.225527,-0.191166,0.031213,0.892513,-0.162187,0.000080,-0.000011
-0.229288,-0.005187,0.786944,-0.002020,0.038927,0.026137,0.998898,-0.155650,0.050883,0.099789,0.262483,-0.162510,-0.012227,-0.146972,-0.134941,-0.145954,0.273127,-0.154048,0.060147,-0.029018,-0.013019,0.003203,0.301316,0.197173,-0.066418,0.884085,0.176206,0.000078,-0.000023,0.226024,-0.196556,0.041160,0.893043,-0.157448,0.000081,-0.000011
-0.228546,-0.005629,0.786919,-0.001714,0.039285,0.026914,0.998864,-0.155283,0.050542,0.098423,0.261773,-0.162773,-0.013110,-0.146464,-0.135323,-0.147414,0.273837,-0.155944,0.059695,-0.029095,-0.013142,0.003339,0.301449,0.197292,-0.064497,0.891034,0.170378,0.000079,-0.000022,0.226732,-0.204449,0.054038,0.893362,-0.151516,0.000081,-0.000012
-0.227751,-0.006092,0.786880,-0.001384,0.039670,0.027728,0.998827,-0.155008,0.050154,0.096946,0.261330,-0.163229,-0.014054,-0.146076,-0.135775,-0.148889,0.274929,-0.158132,0.059248,-0.029202,-0.013074,0.003560,0.302600,0.199231,-0.062826,0.898237,0.164521,0.000079,-0.000021,0.228128,-0.215846,0.072215,0.892563,-0.145298,0.000081,-0.000013
-0.226925,-0.006595,0.786821,-0.001098,0.040047,0.028485,0.998791,-0.154780,0.049951,0.095468,0.261256,-0.163948,-0.015111,-0.145933,-0.136071,-0.150191,0.276648,-0.160660,0.058744,-0.029364,-0.012941,0.003919,0.304988,0.204804,-0.062086,0.904824,0.160603,0.000079,-0.000018,0.230702,-0.232103,0.097802,0.889736,-0.140069,0.000081,-0.000013
-0.226036,-0.007124,0.786730,-0.000814,0.040436,0.029238,0.998754,-0.154708,0.049800,0.093923,0.261834,-0.165095,-0.016303,-0.146095,-0.136358,-0.151315,0.279151,-0.163663,0.058250,-0.029424,-0.012772,0.004499,0.309088,0.213297,-0.064256,0.909871,0.158211,0.000080,-0.000017,0.234786,-0.252661,0.130447,0.883427,-0.134739,0.000082,-0.000011
-0.225059,-0.007681,0.786600,-0.000532,0.040868,0.029992,0.998714,-0.154851,0.049695,0.092298,0.263198,-0.166827,-0.017636,-0.146679,-0.136644,-0.152213,0.282568,-0.167276,0.057796,-0.029151,-0.012656,0.005400,0.315441,0.224738,-0.071147,0.913078,0.157855,0.000080,-0.000018,0.240984,-0.277449,0.170344,0.872055,-0.129023,0.000082,-0.000007
-0.224009,-0.008223,0.786420,-0.000183,0.041245,0.030662,0.998678,-0.155316,0.049505,0.090711,0.265992,-0.169320,-0.019186,-0.147621,-0.137093,-0.152654,0.287197,-0.171554,0.057490,-0.028493,-0.012553,0.006665,0.324338,0.238878,-0.083635,0.910926,0.158849,0.000081,-0.000021,0.249266,-0.305796,0.214412,0.854738,-0.122532,0.000082,-0.000003
-0.222884,-0.008706,0.786166,0.000324,0.041561,0.031218,0.998648,-0.156323,0.048979,0.089245,0.270776,-0.172912,-0.020926,-0.149175,-0.137989,-0.152397,0.293667,-0.176734,0.057501,-0.027443,-0.012338,0.008429,0.336038,0.255938,-0.104006,0.899667,0.161414,0.000081,-0.000027,0.259814,-0.336714,0.260617,0.831448,-0.115360,0.000082,0.000003
-0.221704,-0.009128,0.785870,0.000822,0.041575,0.031670,0.998633,-0.157732,0.048535,0.087685,0.278149,-0.177426,-0.023205,-0.150529,-0.138897,-0.151682,0.301217,-0.182439,0.057742,-0.025965,-0.012150,0.010493,0.350591,0.275293,-0.126759,0.879034,0.163345,0.000081,-0.000034,0.272551,-0.368996,0.305571,0.803066,-0.107227,0.000082,0.000009
-0.220461,-0.009471,0.785562,0.001184,0.041084,0.032040,0.998641,-0.159175,0.048449,0.085981,0.288211,-0.182922,-0.026208,-0.150842,-0.139512,-0.150778,0.308926,-0.188148,0.058176,-0.023990,-0.012120,0.012477,0.368119,0.295573,-0.147645,0.848795,0.162442,0.000070,-0.000034,0.286711,-0.400495,0.346238,0.770605,-0.097532,0.000072,0.000014
-0.219235,-0.009743,0.785222,0.001433,0.040199,0.032274,0.998669,-0.161904,0.048755,0.083841,0.302821,-0.188864,-0.030717,-0.150425,-0.139843,-0.149566,0.316941,-0.193864,0.058671,-0.021636,-0.012308,0.014574,0.387024,0.315384,-0.167327,0.813921,0.159582,0.000069,-0.000037,0.302803,-0.430873,0.382190,0.736223,-0.088932,0.000073,0.000019
-0.218093,-0.009948,0.784847,0.001563,0.038816,0.032150,0.998728,-0.166847,0.049628,0.081348,0.324185,-0.194829,-0.037607,-0.149248,-0.139756,-0.147596,0.325539,-0.199766,0.059112,-0.019417,-0.012856,0.017022,0.405005,0.333795,-0.184721,0.778806,0.155573,0.000068,-0.000041,0.319948,-0.460325,0.411501,0.701247,-0.084306,0.000073,0.000020
-0.217061,-0.010076,0.784424,0.001582,0.037083,0.032480,0.998783,-0.174688,0.050624,0.076909,0.352498,-0.200977,-0.047317,-0.147329,-0.139642,-0.146307,0.334373,-0.205432,0.059331,-0.016678,-0.013699,0.019985,0.421548,0.350616,-0.199611,0.744114,0.151079,0.000067,-0.000044,0.339003,-0.484773,0.433448,0.669627,-0.082133,0.000072,0.000021
-0.216185,-0.010137,0.783983,0.001563,0.035195,0.034049,0.998799,-0.186070,0.051253,0.069947,0.387752,-0.207532,-0.060334,-0.144735,-0.140082,-0.147224,0.342960,-0.210193,0.059054,-0.012243,-0.014649,0.023645,0.435597,0.365430,-0.211388,0.711111,0.146517,0.000066,-0.000045,0.361255,-0.502192,0.447312,0.645805,-0.082248,0.000072,0.000023
-0.215472,-0.010068,0.783401,0.001040,0.032995,0.035932,0.998809,-0.201759,0.052376,0.058571,0.431968,-0.214022,-0.077489,-0.141403,-0.139552,-0.149127,0.351436,-0.214481,0.058489,-0.006451,-0.015724,0.028023,0.446791,0.378267,-0.220395,0.681810,0.142443,0.000064,-0.000046,0.383335,-0.508992,0.450969,0.629718,-0.082908,0.000072,0.000024
-0.214920,-0.009870,0.782643,-0.000357,0.030406,0.037915,0.998818,-0.223337,0.054635,0.040966,0.488276,-0.219912,-0.101556,-0.137179,-0.136924,-0.151651,0.359676,-0.218396,0.057818,0.000309,-0.016906,0.032982,0.454749,0.389195,-0.227056,0.658335,0.139325,0.000062,-0.000046,0.403863,-0.500202,0.443915,0.622399,-0.080418,0.000071,0.000025
-0.214597,-0.009357,0.781460,-0.002989,0.027566,0.039693,0.998827,-0.249766,0.056685,0.014064,0.554363,-0.225879,-0.127624,-0.132692,-0.131405,-0.154439,0.368460,-0.222923,0.056908,0.007240,-0.017702,0.038805,0.458237,0.397426,-0.231252,0.642524,0.137307,0.000060,-0.000046,0.418148,-0.479245,0.428011,0.625807,-0.078495,0.000071,0.000023
-0.214652,-0.008290,0.779603,-0.007351,0.024494,0.041141,0.998826,-0.280626,0.055978,-0.028037,0.629933,-0.231109,-0.152113,-0.127666,-0.121842,-0.157623,0.377701,-0.229024,0.055634,0.013028,-0.017147,0.046403,0.456025,0.402249,-0.233447,0.635514,0.136672,0.000057,-0.000044,0.420684,-0.448456,0.402586,0.640148,-0.078245,0.000070,0.000017
-0.214835,-0.006852,0.776971,-0.013865,0.020842,0.042694,0.998775,-0.311294,0.053865,-0.079424,0.709979,-0.238552,-0.171691,-0.123097,-0.107648,-0.161250,0.390520,-0.237478,0.054035,0.016710,-0.015502,0.055094,0.446107,0.402711,-0.233459,0.644800,0.137160,0.000054,-0.000040,0.411068,-0.410477,0.371940,0.666535,-0.080534,0.000068,0.000005
-0.214905,-0.005156,0.773244,-0.023035,0.016526,0.044224,0.998619,-0.338384,0.052084,-0.135625,0.790286,-0.250730,-0.179288,-0.121727,-0.087825,-0.164379,0.411724,-0.250332,0.051851,0.017908,-0.014001,0.063553,0.426927,0.398241,-0.229376,0.675949,0.138325,0.000051,-0.000035,0.389297,-0.368830,0.341205,0.707337,-0.088486,0.000065,-0.000015
-0.214978,-0.003122,0.768855,-0.033649,0.012123,0.045474,0.998325,-0.360273,0.050614,-0.192411,0.865654,-0.265848,-0.180662,-0.122998,-0.064916,-0.166583,0.437882,-0.265614,0.049612,0.016700,-0.012292,0.071543,0.395058,0.388907,-0.226614,0.735580,0.140065,0.000048,-0.000029,0.354492,-0.327448,0.310745,0.763335,-0.095162,0.000062,-0.000036
-0.215029,-0.000765,0.764023,-0.044823,0.007897,0.045961,0.997906,-0.374284,0.051476,-0.248191,0.929495,-0.283383,-0.180137,-0.126242,-0.040567,-0.167216,0.466058,-0.281518,0.047661,0.013683,-0.009961,0.079193,0.349210,0.373725,-0.222639,0.831362,0.136994,0.000049,-0.000023,0.306598,-0.288086,0.280610,0.835245,-0.092665,0.000060,-0.000054
-0.215239,0.002085,0.759105,-0.056688,0.003341,0.045468,0.997350,-0.381044,0.056275,-0.296573,0.981455,-0.302663,-0.177418,-0.130130,-0.015272,-0.166439,0.495058,-0.295894,0.047454,0.008619,-0.007010,0.086574,0.289728,0.359014,-0.230348,0.950387,0.145556,0.000053,-0.000020,0.244071,-0.252312,0.262214,0.921151,-0.086185,0.000060,-0.000064
-0.215766,0.005620,0.754427,-0.069080,-0.002280,0.043828,0.996645,-0.381112,0.066637,-0.330314,1.020183,-0.322844,-0.174493,-0.129049,0.010375,-0.165702,0.517744,-0.309359,0.048991,0.000638,-0.003480,0.093619,0.219898,0.349217,-0.263620,1.087214,0.180770,0.000070,-0.000033,0.165576,-0.224032,0.257766,1.022334,-0.076228,0.000074,-0.000078
-0.216652,0.009744,0.750332,-0.081554,-0.008041,0.041159,0.995786,-0.375743,0.083089,-0.350157,1.044284,-0.345817,-0.166557,-0.133509,0.034021,-0.162833,0.548551,-0.312134,0.058832,-0.009414,0.000453,0.101116,0.136733,0.340860,-0.315760,1.215227,0.237125,0.000076,-0.000042,0.068763,-0.204838,0.272837,1.117364,-0.072120,0.000078,-0.000079
-0.217816,0.014313,0.747338,-0.094354,-0.013153,0.037771,0.994735,-0.365175,0.107489,-0.353101,1.050476,-0.375938,-0.146090,-0.152924,0.054455,-0.157215,0.602006,-0.301601,0.083840,-0.019793,0.003957,0.108676,0.031658,0.337304,-0.406876,1.307442,0.335854,0.000079,-0.000031,-0.050164,-0.193351,0.327683,1.188958,-0.095853,0.000090,-0.000079
-0.219781,0.019684,0.745396,-0.105292,-0.016789,0.030382,0.993835,-0.352595,0.134988,-0.339423,1.043415,-0.408202,-0.121004,-0.193148,0.065785,-0.148067,0.677508,-0.262924,0.134048,-0.029825,0.008558,0.117412,-0.086692,0.332856,-0.486884,1.363941,0.423014,0.000070,-0.000021,-0.182338,-0.194408,0.386389,1.232565,-0.119302,0.000080,-0.000061
-0.223395,0.026358,0.744657,-0.112208,-0.017917,0.015300,0.993405,-0.340389,0.161473,-0.307331,1.026569,-0.437920,-0.100439,-0.266565,0.066883,-0.120031,0.783433,-0.176704,0.225452,-0.039703,0.017176,0.130087,-0.203887,0.312916,-0.497147,1.384454,0.437052,0.000074,-0.000022,-0.321339,-0.202795,0.417521,1.235749,-0.115378,0.000077,-0.000069
-0.227585,0.033687,0.745045,-0.116604,-0.017994,-0.006491,0.992994,-0.327027,0.188887,-0.259420,1.003681,-0.461003,-0.082967,-0.356351,0.057387,-0.112568,0.896351,-0.075070,0.261565,-0.044020,0.028657,0.144943,-0.318326,0.292411,-0.483731,1.391186,0.426905,0.000033,-0.000006,-0.465786,-0.218626,0.448802,1.220758,-0.105035,0.000035,-0.000029
-0.231580,0.041461,0.746267,-0.118512,-0.017431,-0.033472,0.992235,-0.314844,0.214047,-0.200876,0.981719,-0.472015,-0.067972,-0.454891,0.013485,-0.151415,1.004509,0.062592,0.261751,-0.041039,0.041653,0.160565,-0.432295,0.287715,-0.469536,1.397016,0.418394,0.000064,-0.000010,-0.615576,-0.236680,0.496317,1.205377,-0.097934,0.000060,-0.000032
-0.235336,0.048802,0.749064,-0.117951,-0.016455,-0.061472,0.990978,-0.299710,0.236647,-0.136427,0.953693,-0.470450,-0.056507,-0.556196,-0.049629,-0.192938,1.110115,0.177666,0.261765,-0.036971,0.054517,0.176208,-0.542671,0.291395,-0.461886,1.404878,0.416668,0.000067,-0.000013,-0.766314,-0.252694,0.560403,1.190005,-0.097751,0.000057,-0.000006
-0.238610,0.054714,0.754147,-0.115660,-0.016252,-0.086766,0.989359,-0.275471,0.256833,-0.070266,0.912095,-0.454138,-0.048350,-0.647344,-0.106573,-0.201273,1.211153,0.155088,0.261764,-0.037690,0.065170,0.191717,-0.646440,0.302715,-0.482572,1.425443,0.442027,0.000071,-0.000026,-0.915176,-0.268488,0.644823,1.180412,-0.113602,0.000058,0.000016
-0.241222,0.059795,0.761223,-0.111129,-0.016114,-0.107259,0.987870,-0.246369,0.266196,-0.008519,0.858724,-0.421696,-0.044258,-0.732982,-0.163033,-0.195054,1.311775,0.082680,0.261758,-0.042099,0.074788,0.207208,-0.743258,0.314774,-0.507771,1.445422,0.471322,0.000074,-0.000043,-1.059321,-0.278710,0.738927,1.174000,-0.136127,0.000058,0.000037
-0.242798,0.064210,0.770450,-0.104938,-0.015240,-0.120131,0.987079,-0.217796,0.263002,0.039500,0.792049,-0.372858,-0.044725,-0.814898,-0.233299,-0.193395,1.406726,0.055843,0.261748,-0.049632,0.085533,0.220657,-0.832949,0.320628,-0.520434,1.453086,0.487893,0.000073,-0.000052,-1.192422,-0.292444,0.835412,1.171615,-0.162334,0.000053,0.000055
-0.243738,0.067921,0.781253,-0.097621,-0.012554,-0.125852,0.987154,-0.195059,0.249191,0.069176,0.717659,-0.306069,-0.051658,-0.892453,-0.308151,-0.185530,1.493327,0.041224,0.261726,-0.061023,0.099201,0.231749,-0.917643,0.318462,-0.528315,1.454340,0.498409,0.000069,-0.000059,-1.315468,-0.302136,0.928733,1.167970,-0.187592,0.000045,0.000070
-0.244275,0.071062,0.793417,-0.088702,-0.006865,-0.124733,0.988194,-0.184537,0.221649,0.074756,0.641434,-0.215765,-0.064771,-0.966884,-0.377829,-0.166552,1.573914,0.017586,0.261622,-0.075724,0.117701,0.241296,-0.998573,0.308569,-0.530454,1.448328,0.501507,0.000041,-0.000042,-1.425621,-0.308163,1.010832,1.161595,-0.205367,0.000026,0.000051
-0.244482,0.073462,0.805927,-0.080198,0.000110,-0.117753,0.989799,-0.180404,0.191858,0.060015,0.565117,-0.116484,-0.097960,-1.036005,-0.445065,-0.143863,1.649522,-0.005815,0.261616,-0.090249,0.139777,0.248106,-1.076535,0.291332,-0.530485,1.439229,0.500741,0.000072,-0.000078,-1.522431,-0.316936,1.083253,1.154104,-0.220436,0.000055,0.000084
-0.244545,0.074850,0.818002,-0.072664,0.006201,-0.105301,0.991763,-0.175422,0.163634,0.022712,0.490134,-0.021750,-0.177131,-1.097068,-0.512189,-0.125568,1.720226,-0.023589,0.261218,-0.096512,0.164015,0.250518,-1.152267,0.261021,-0.532104,1.431958,0.499521,0.000070,-0.000081,-1.602037,-0.332632,1.145946,1.147201,-0.234347,0.000052,0.000086
-0.244408,0.075452,0.828876,-0.066927,0.011915,-0.093587,0.993288,-0.170640,0.141838,-0.020721,0.423255,0.063277,-0.260802,-1.152031,-0.564889,-0.105636,1.784023,-0.027827,0.260613,-0.098142,0.188544,0.248847,-1.219605,0.231297,-0.531992,1.423559,0.496563,0.000060,-0.000074,-1.672747,-0.342883,1.196235,1.141699,-0.249452,0.000042,0.000078
-0.244031,0.075304,0.837547,-0.063610,0.017569,-0.085859,0.994119,-0.168055,0.135067,-0.026064,0.368796,0.142642,-0.261733,-1.203105,-0.593387,-0.081129,1.841979,-0.003914,0.258011,-0.104574,0.209614,0.243674,-1.272317,0.219239,-0.528945,1.413162,0.493490,0.000062,-0.000074,-1.740090,-0.335807,1.232206,1.136720,-0.268284,0.000037,0.000078
-0.243566,0.074598,0.844071,-0.061646,0.022676,-0.080913,0.994555,-0.168813,0.142320,-0.018678,0.336578,0.208245,-0.261778,-1.244207,-0.605162,-0.060075,1.887300,0.030587,0.248951,-0.111774,0.224844,0.236515,-1.312418,0.218034,-0.523979,1.396823,0.490556,0.000073,-0.000083,-1.799729,-0.319385,1.246088,1.132842,-0.284707,0.000040,0.000087
-0.243167,0.073573,0.847901,-0.061685,0.026953,-0.079890,0.994528,-0.175868,0.169704,-0.007190,0.348087,0.219122,-0.261741,-1.269484,-0.601554,-0.050013,1.915851,0.052781,0.218233,-0.116679,0.232863,0.229217,-1.341413,0.227563,-0.518070,1.371729,0.489269,0.000034,-0.000038,-1.850667,-0.299942,1.230263,1.130305,-0.293193,0.000015,0.000050
-0.242774,0.072167,0.849795,-0.062845,0.029792,-0.082304,0.994177,-0.183068,0.203582,0.001895,0.382030,0.196343,-0.261548,-1.274220,-0.587505,-0.050729,1.921650,0.079188,0.193495,-0.118239,0.233983,0.221968,-1.357921,0.242158,-0.507793,1.336877,0.485961,0.000042,-0.000039,-1.889931,-0.280746,1.185272,1.125274,-0.294307,0.000022,0.000055
-0.242470,0.070351,0.850338,-0.064424,0.031271,-0.086919,0.993638,-0.184814,0.232412,0.010417,0.416549,0.167129,-0.252869,-1.253323,-0.568773,-0.060823,1.894001,0.124457,0.207687,-0.117063,0.226736,0.214568,-1.361093,0.254414,-0.491935,1.291630,0.478291,0.000068,-0.000061,-1.913910,-0.265637,1.107565,1.116306,-0.284259,0.000053,0.000072
-0.241969,0.068306,0.849419,-0.064687,0.030623,-0.092195,0.993166,-0.178617,0.249982,0.031482,0.444446,0.145729,-0.174281,-1.210635,-0.548242,-0.073955,1.836120,0.179576,0.242082,-0.115801,0.212637,0.206584,-1.349011,0.264532,-0.466269,1.235543,0.463964,0.000079,-0.000058,-1.919099,-0.251239,1.008675,1.098494,-0.268767,0.000066,0.000075
-0.241076,0.066294,0.847232,-0.062248,0.026865,-0.097842,0.992890,-0.160873,0.250859,0.044461,0.453490,0.168275,-0.083894,-1.145416,-0.539659,-0.094329,1.747997,0.238155,0.261156,-0.113175,0.194674,0.197403,-1.319233,0.267536,-0.425124,1.166575,0.439413,0.000076,-0.000032,-1.905509,-0.234265,0.898828,1.067917,-0.256715,0.000067,0.000048
-0.239596,0.064062,0.843464,-0.058543,0.021262,-0.103808,0.992645,-0.133222,0.247051,0.059622,0.446337,0.203863,-0.012413,-1.063779,-0.533450,-0.123842,1.636828,0.299930,0.261288,-0.110817,0.173161,0.186728,-1.273661,0.263785,-0.372563,1.092114,0.409272,0.000030,0.000004,-1.864332,-0.215879,0.779046,1.026691,-0.238051,0.000025,-0.000000
-0.237250,0.061404,0.837920,-0.054379,0.014466,-0.110257,0.992309,-0.096741,0.242971,0.080664,0.424493,0.224809,0.008581,-0.972793,-0.514560,-0.150880,1.507036,0.368820,0.261600,-0.109164,0.148946,0.173971,-1.213169,0.249526,-0.305084,1.016959,0.369008,0.000027,0.000027,-1.801277,-0.174719,0.649440,0.964108,-0.196037,0.000024,-0.000016
-0.234087,0.058414,0.830533,-0.050301,0.007370,-0.117654,0.991752,-0.053734,0.237789,0.097095,0.398026,0.220771,-0.004889,-0.877648,-0.479214,-0.169872,1.367342,0.427894,0.261666,-0.107200,0.123123,0.159278,-1.142644,0.233075,-0.236725,0.950884,0.335222,0.000021,0.000058,-1.721318,-0.128728,0.532644,0.895359,-0.157220,0.000019,-0.000034
-0.229830,0.055191,0.820991,-0.047483,0.000731,-0.126415,0.990840,-0.004317,0.235412,0.102647,0.377097,0.162766,-0.049287,-0.783540,-0.414001,-0.168143,1.226034,0.452414,0.261689,-0.104991,0.097791,0.142556,-1.069939,0.225742,-0.184627,0.903067,0.329613,0.000015,0.000094,-1.631352,-0.080907,0.450831,0.832159,-0.143472,0.000013,-0.000051
-0.225197,0.051384,0.809904,-0.045919,-0.004975,-0.134665,0.989814,0.043538,0.238143,0.110696,0.362727,0.075971,-0.093986,-0.693942,-0.336431,-0.140665,1.095165,0.454069,0.261700,-0.102997,0.073903,0.124338,-0.998633,0.218782,-0.141749,0.868765,0.329618,0.000008,0.000098,-1.570135,-0.037609,0.386948,0.759597,-0.145225,0.000006,-0.000051
-0.220595,0.046517,0.797322,-0.045777,-0.009386,-0.141273,0.988867,0.083759,0.243648,0.123244,0.355251,-0.017643,-0.099516,-0.614474,-0.257447,-0.088161,0.984661,0.465484,0.261681,-0.104240,0.048683,0.103939,-0.924476,0.208938,-0.106297,0.851118,0.313677,0.000004,0.000098,-1.514140,-0.015021,0.350798,0.700269,-0.156895,-0.000001,-0.000051
-0.216688,0.041060,0.784529,-0.042543,-0.011724,-0.143040,0.988733,0.110854,0.241866,0.131536,0.355014,-0.110801,-0.083046,-0.543613,-0.201823,-0.031209,0.902307,0.430715,0.261639,-0.104953,0.025096,0.083941,-0.866608,0.195728,-0.089577,0.842108,0.298757,0.000000,0.000098,-1.467150,0.009147,0.342200,0.660355,-0.166571,-0.000005,-0.000053
-0.214250,0.035329,0.772319,-0.032465,-0.011712,-0.137379,0.989917,0.120893,0.226010,0.134588,0.360293,-0.194272,-0.045793,-0.481399,-0.198366,-0.003755,0.872224,0.244997,0.261526,-0.099308,0.008716,0.069609,-0.841660,0.184713,-0.100840,0.832936,0.298573,-0.000003,0.000098,-1.439328,0.013790,0.348012,0.645295,-0.165717,-0.000007,-0.000057
-0.213340,0.029349,0.762195,-0.019225,-0.010164,-0.125816,0.991815,0.109874,0.203097,0.118499,0.379850,-0.262289,-0.011501,-0.436091,-0.222611,-0.003332,0.871653,0.022808,0.260880,-0.087769,-0.000854,0.062430,-0.847345,0.175117,-0.126656,0.822040,0.305230,-0.000004,0.000098,-1.427303,-0.002555,0.372174,0.650896,-0.162812,-0.000007,-0.000062
-0.214328,0.023624,0.756142,-0.003762,-0.006267,-0.106765,0.994257,0.070083,0.176835,0.073081,0.424345,-0.307374,-0.017121,-0.416002,-0.260191,-0.023186,0.868830,-0.103083,0.260568,-0.069469,-0.001020,0.063273,-0.888180,0.161681,-0.168959,0.814420,0.319177,-0.000016,0.000092,-1.441755,-0.036622,0.414180,0.665468,-0.169714,-0.000015,-0.000088
-0.217001,0.017241,0.753568,0.009968,-0.000129,-0.084370,0.996385,0.004062,0.151107,0.017045,0.495844,-0.313879,-0.043409,-0.406363,-0.297551,-0.058307,0.859054,-0.172641,0.247845,-0.048171,0.004526,0.070058,-0.953004,0.149188,-0.220224,0.814858,0.332598,-0.000011,0.000091,-1.467143,-0.083284,0.473393,0.692848,-0.175169,-0.000003,-0.000088
-0.221681,0.009257,0.754690,0.019842,0.007691,-0.062140,0.997841,-0.091043,0.127227,-0.053025,0.599608,-0.253677,-0.077857,-0.402285,-0.322351,-0.090446,0.843508,-0.203823,0.240903,-0.028765,0.008168,0.082160,-1.033451,0.140035,-0.263463,0.820464,0.334825,0.000001,0.000090,-1.510010,-0.148058,0.542999,0.726429,-0.176888,0.000018,-0.000087
-0.227186,0.000160,0.759023,0.027408,0.015663,-0.036556,0.998833,-0.206134,0.111502,-0.097579,0.717284,-0.152454,-0.126391,-0.393125,-0.344793,-0.131171,0.815300,-0.206886,0.240005,-0.014643,0.007284,0.097742,-1.126377,0.134014,-0.317401,0.839680,0.337860,0.000020,0.000090,-1.579455,-0.191559,0.617679,0.752435,-0.176054,0.000039,-0.000086
-0.232725,-0.010449,0.766813,0.031890,0.022182,-0.005330,0.999231,-0.342352,0.124232,-0.078136,0.840633,-0.009226,-0.192936,-0.361501,-0.365943,-0.197137,0.761464,-0.197685,0.235084,-0.009052,-0.001606,0.115608,-1.226633,0.120817,-0.403822,0.885022,0.349964,0.000038,0.000086,-1.638041,-0.246676,0.696576,0.790895,-0.168727,0.000059,-0.000070
-0.237509,-0.021050,0.776150,0.035150,0.026547,0.027769,0.998643,-0.480833,0.167631,-0.023409,0.967623,0.105179,-0.244373,-0.313463,-0.385618,-0.279473,0.691994,-0.176429,0.230501,-0.010117,-0.016926,0.134231,-1.323947,0.097213,-0.499010,0.939273,0.367839,0.000039,0.000062,-1.695661,-0.311196,0.771009,0.832370,-0.166921,0.000062,-0.000013
-0.240144,-0.030247,0.785110,0.037417,0.027979,0.058095,0.997217,-0.592088,0.244560,0.064578,1.094121,0.093947,-0.253125,-0.250555,-0.400082,-0.370499,0.612077,-0.149798,0.224906,-0.013124,-0.034844,0.150652,-1.409033,0.063743,-0.586014,0.991536,0.391193,0.000035,0.000026,-1.743634,-0.364220,0.838998,0.876139,-0.167578,0.000058,0.000037
-0.241617,-0.038163,0.793981,0.038889,0.027931,0.082460,0.995444,-0.683647,0.332306,0.147443,1.231447,0.033482,-0.239009,-0.189842,-0.404550,-0.453131,0.533854,-0.112871,0.229107,-0.013343,-0.055889,0.165147,-1.478372,0.025068,-0.659266,1.042906,0.413648,0.000030,-0.000017,-1.773271,-0.411593,0.894684,0.927098,-0.174470,0.000062,0.000069
-0.242291,-0.044255,0.802345,0.040487,0.028694,0.098708,0.993878,-0.773581,0.406617,0.199254,1.389469,-0.008696,-0.207567,-0.152098,-0.404802,-0.506126,0.473876,-0.060222,0.253024,-0.008231,-0.081246,0.177008,-1.527230,-0.013462,-0.710724,1.091666,0.428186,0.000013,-0.000042,-1.800610,-0.452879,0.934076,0.979429,-0.204574,0.000060,0.000063
-0.242650,-0.048728,0.810381,0.042313,0.030221,0.107009,0.992897,-0.856308,0.469566,0.226114,1.555227,-0.044615,-0.169447,-0.133446,-0.401130,-0.532686,0.425018,0.002466,0.261617,0.000739,-0.109833,0.184797,-1.554681,-0.053846,-0.746080,1.139629,0.438741,0.000005,-0.000065,-1.816330,-0.485534,0.956630,1.025773,-0.240728,0.000075,0.000070
-0.243371,-0.051520,0.818383,0.043382,0.031382,0.106703,0.992848,-0.928582,0.512975,0.228516,1.721344,-0.068341,-0.132885,-0.127152,-0.392119,-0.535531,0.382304,0.080205,0.261621,0.009462,-0.138640,0.188953,-1.562015,-0.080349,-0.764249,1.186706,0.448078,0.000004,-0.000041,-1.819736,-0.505543,0.958381,1.057577,-0.273097,0.000049,0.000032
-0.244175,-0.053286,0.825733,0.043703,0.032539,0.101776,0.993314,-0.991216,0.545756,0.221200,1.879174,-0.076904,-0.106259,-0.129899,-0.380882,-0.519012,0.348148,0.157636,0.261729,0.017175,-0.165906,0.190203,-1.559495,-0.088982,-0.769619,1.223066,0.458114,0.000012,-0.000068,-1.808463,-0.516324,0.931354,1.075164,-0.291942,0.000082,0.000045
-0.245122,-0.054610,0.831976,0.043671,0.034090,0.094116,0.994019,-1.041072,0.576676,0.213868,2.022172,-0.066690,-0.100438,-0.138926,-0.371358,-0.491198,0.323658,0.219368,0.261753,0.025135,-0.191481,0.189272,-1.549999,-0.085067,-0.770956,1.247001,0.471925,0.000020,-0.000082,-1.778593,-0.514946,0.863205,1.077942,-0.276555,0.000098,0.000060
-0.245930,-0.055452,0.836899,0.043935,0.035334,0.084627,0.994816,-1.074746,0.606903,0.208868,2.139419,-0.043343,-0.107218,-0.152869,-0.360438,-0.440549,0.313576,0.260441,0.261762,0.032739,-0.213839,0.186184,-1.533859,-0.076563,-0.762667,1.252518,0.480434,0.000026,-0.000078,-1.734323,-0.506924,0.772738,1.061174,-0.249939,0.000098,0.000066
-0.246235,-0.055910,0.840017,0.045034,0.035610,0.075536,0.995489,-1.088165,0.641355,0.209466,2.220015,-0.013748,-0.125440,-0.173138,-0.341822,-0.341752,0.327616,0.256671,0.261764,0.039195,-0.230414,0.180226,-1.509292,-0.060702,-0.738275,1.234320,0.479063,0.000024,-0.000054,-1.679084,-0.497835,0.677300,1.021281,-0.232686,0.000083,0.000052
-0.246363,-0.056080,0.841679,0.045939,0.035318,0.065291,0.996182,-1.082921,0.677103,0.215475,2.259251,0.024294,-0.143104,-0.194055,-0.315014,-0.221616,0.356433,0.222930,0.261762,0.045522,-0.240909,0.172019,-1.471190,-0.031401,-0.694029,1.201257,0.467995,0.000020,-0.000025,-1.612739,-0.482670,0.578200,0.962898,-0.218993,0.000069,0.000036
-0.246602,-0.056079,0.842114,0.046330,0.033973,0.053917,0.996891,-1.057886,0.716880,0.230356,2.246075,0.072713,-0.137675,-0.208760,-0.282358,-0.098819,0.389276,0.168492,0.261778,0.050328,-0.244090,0.163257,-1.416387,0.001728,-0.620521,1.154403,0.439262,0.000028,0.000011,-1.533173,-0.458180,0.484345,0.889900,-0.210678,0.000099,0.000037
-0.246705,-0.055861,0.841129,0.044778,0.031193,0.043208,0.997575,-1.019016,0.748906,0.254230,2.188995,0.122520,-0.134115,-0.213889,-0.250882,-0.004082,0.417338,0.130856,0.261738,0.053993,-0.239938,0.154850,-1.349623,0.034784,-0.536264,1.101533,0.406202,0.000018,0.000049,-1.442357,-0.421709,0.395449,0.809515,-0.203703,0.000084,0.000015
-0.246763,-0.055416,0.838671,0.040525,0.027405,0.034577,0.998204,-0.975321,0.760326,0.276301,2.089363,0.166429,-0.163156,-0.207149,-0.234820,0.017716,0.424703,0.151140,0.261724,0.056147,-0.229162,0.148401,-1.278114,0.057589,-0.457952,1.053301,0.374915,0.000016,0.000079,-1.344958,-0.372672,0.313626,0.727535,-0.192028,0.000094,0.000004
-0.246017,-0.054985,0.834478,0.034084,0.021640,0.031329,0.998693,-0.926243,0.744437,0.292329,1.960160,0.200796,-0.194745,-0.185173,-0.227516,0.000597,0.414397,0.183949,0.261686,0.053434,-0.212990,0.142870,-1.205314,0.067567,-0.389905,1.010536,0.347983,0.000006,0.000055,-1.242077,-0.316865,0.244232,0.648896,-0.177369,0.000054,-0.000005
-0.243367,-0.054911,0.828369,0.026276,0.013553,0.036007,0.998914,-0.870317,0.689392,0.298874,1.812603,0.219052,-0.197242,-0.145183,-0.218034,-0.025480,0.392285,0.189524,0.261660,0.045260,-0.195175,0.134458,-1.134228,0.065244,-0.341547,0.974967,0.333618,0.000007,0.000087,-1.131049,-0.260498,0.177951,0.580496,-0.155637,0.000086,-0.000046
-0.239935,-0.054872,0.820381,0.018950,0.005878,0.044413,0.998816,-0.811755,0.606175,0.282619,1.657693,0.228504,-0.190445,-0.099952,-0.210019,-0.065194,0.371195,0.163703,0.250060,0.032989,-0.178238,0.124551,-1.074881,0.056454,-0.311593,0.949114,0.326418,-0.000002,0.000080,-1.030983,-0.207558,0.134442,0.525924,-0.135884,0.000077,-0.000057
-0.236301,-0.054758,0.810102,0.012830,-0.000276,0.053582,0.998481,-0.753731,0.498289,0.236160,1.504955,0.232481,-0.194759,-0.057609,-0.203844,-0.112610,0.364550,0.085634,0.228955,0.018203,-0.162744,0.115528,-1.035338,0.050303,-0.301089,0.933791,0.320921,-0.000004,0.000092,-0.959221,-0.176739,0.126800,0.489109,-0.128248,0.000072,-0.000038
-0.233009,-0.054138,0.798638,0.007546,-0.004946,0.062749,0.997989,-0.690935,0.383888,0.163553,1.364736,0.235652,-0.200629,-0.024630,-0.198036,-0.152449,0.372709,-0.014523,0.216541,0.001767,-0.149165,0.107812,-1.015725,0.044093,-0.306906,0.925908,0.319857,-0.000006,0.000098,-0.917087,-0.171093,0.141932,0.468615,-0.126470,0.000077,-0.000041
-0.230839,-0.052864,0.786437,0.003153,-0.007480,0.070554,0.997475,-0.632149,0.289272,0.088965,1.252099,0.281238,-0.173278,-0.010428,-0.194577,-0.177110,0.396625,-0.110532,0.196219,-0.012750,-0.137025,0.102823,-1.018444,0.034324,-0.332153,0.929658,0.328091,-0.000005,0.000098,-0.907708,-0.195583,0.176457,0.464070,-0.130348,0.000082,-0.000045
-0.229673,-0.049891,0.775018,-0.003122,-0.008990,0.072485,0.997324,-0.571037,0.225396,0.025672,1.164869,0.291954,-0.153114,-0.011873,-0.185471,-0.181244,0.430885,-0.190522,0.178531,-0.025212,-0.125508,0.099348,-1.037475,0.028247,-0.372188,0.943784,0.341594,-0.000002,0.000098,-0.929337,-0.242390,0.230937,0.469370,-0.139575,0.000090,-0.000051
-0.229683,-0.043595,0.765646,-0.015261,-0.011043,0.064412,0.997746,-0.496535,0.209074,-0.015625,1.114128,0.144436,-0.192428,-0.022616,-0.159818,-0.162838,0.462308,-0.240304,0.168764,-0.037767,-0.112204,0.095168,-1.067559,0.028934,-0.423840,0.965936,0.359357,0.000004,0.000083,-0.985846,-0.293871,0.313707,0.476043,-0.158833,0.000086,-0.000047
-0.230773,-0.035627,0.759172,-0.031839,-0.012525,0.048720,0.998226,-0.429542,0.236475,-0.022498,1.083700,-0.044698,-0.222068,-0.057003,-0.122554,-0.124794,0.511578,-0.246437,0.170338,-0.049826,-0.097056,0.093493,-1.105896,0.037608,-0.478654,0.989859,0.379055,0.000008,0.000056,-1.070341,-0.346542,0.411203,0.485699,-0.177765,0.000067,-0.000032
-0.233032,-0.027250,0.757457,-0.051327,-0.011119,0.024634,0.998316,-0.383301,0.282876,0.004049,1.046590,-0.169327,-0.207458,-0.133759,-0.074282,-0.058705,0.609580,-0.192853,0.195089,-0.061506,-0.084359,0.097639,-1.153109,0.054503,-0.525260,1.006458,0.395784,0.000010,0.000031,-1.180165,-0.396888,0.512113,0.498050,-0.187465,0.000046,-0.000011
-0.236052,-0.018311,0.759561,-0.069258,-0.007590,-0.004652,0.997559,-0.344564,0.330256,0.053926,0.999343,-0.247903,-0.176460,-0.236746,-0.031704,-0.003909,0.728102,-0.088590,0.250121,-0.069568,-0.073395,0.105657,-1.202783,0.079812,-0.570086,1.019485,0.415110,0.000028,0.000043,-1.303140,-0.425470,0.607497,0.511536,-0.185225,0.000068,0.000010
-0.239742,-0.008698,0.765756,-0.082493,-0.002523,-0.036257,0.995929,-0.308352,0.366051,0.114310,0.938173,-0.270705,-0.151493,-0.361600,-0.017344,-0.008438,0.844728,0.096140,0.261685,-0.071005,-0.062786,0.118597,-1.255589,0.113471,-0.620533,1.028131,0.444076,0.000016,0.000009,-1.414982,-0.435695,0.681679,0.539105,-0.158509,0.000040,0.000023
-0.243297,0.000963,0.774123,-0.090446,0.002451,-0.067205,0.993628,-0.269971,0.389912,0.185252,0.867720,-0.257974,-0.132215,-0.491125,-0.052441,-0.058395,0.955175,0.254475,0.261769,-0.068496,-0.051532,0.134476,-1.309445,0.132171,-0.665609,1.036443,0.470440,0.000021,-0.000013,-1.522769,-0.433872,0.748007,0.575575,-0.138575,0.000036,0.000058
-0.245839,0.010144,0.782733,-0.091194,0.006102,-0.092227,0.991534,-0.225601,0.395353,0.260976,0.790123,-0.233227,-0.112102,-0.596134,-0.149227,-0.138983,1.055608,0.253446,0.261769,-0.066042,-0.035921,0.149944,-1.346316,0.153416,-0.686500,1.055143,0.486538,0.000030,-0.000036,-1.628977,-0.427597,0.823507,0.622619,-0.160870,0.000012,0.000074
-0.247481,0.018618,0.791781,-0.088815,0.008311,-0.110829,0.989828,-0.182081,0.389241,0.330122,0.713992,-0.193906,-0.101438,-0.683725,-0.264796,-0.204814,1.159758,0.178903,0.261760,-0.068251,-0.016237,0.164798,-1.374897,0.181748,-0.685295,1.076267,0.498370,0.000036,-0.000041,-1.721830,-0.405692,0.890508,0.679761,-0.201463,-0.000005,0.000063
-0.247798,0.025894,0.800807,-0.086096,0.007949,-0.124072,0.988499,-0.141243,0.380019,0.384912,0.647973,-0.139727,-0.110443,-0.769497,-0.359818,-0.226713,1.274187,0.096038,0.261333,-0.074562,0.007931,0.177117,-1.386140,0.204471,-0.665276,1.105015,0.502154,0.000021,-0.000021,-1.795159,-0.371730,0.933586,0.744322,-0.250548,-0.000001,0.000024
-0.247537,0.032142,0.809839,-0.083724,0.006732,-0.134542,0.987342,-0.109759,0.369474,0.421402,0.594509,-0.075107,-0.132733,-0.853492,-0.442200,-0.228155,1.388593,0.028123,0.243512,-0.081282,0.035395,0.186630,-1.382620,0.227247,-0.635125,1.135094,0.503954,0.000063,-0.000058,-1.850540,-0.333082,0.944965,0.806618,-0.292648,0.000011,0.000051
-0.247301,0.037306,0.819050,-0.082244,0.006066,-0.143435,0.986218,-0.092933,0.359682,0.435337,0.556910,0.000599,-0.173995,-0.936171,-0.514173,-0.222263,1.494755,0.039138,0.217393,-0.087857,0.062615,0.193839,-1.371053,0.252325,-0.604179,1.156771,0.511855,0.000027,-0.000019,-1.881088,-0.288712,0.913568,0.865035,-0.301424,0.000008,0.000012
-0.247053,0.041725,0.827532,-0.081798,0.006248,-0.149369,0.985372,-0.092371,0.351681,0.423900,0.539246,0.070210,-0.216533,-1.014570,-0.567379,-0.196945,1.587810,0.096969,0.228200,-0.094679,0.090083,0.199333,-1.350840,0.274861,-0.568619,1.171448,0.517778,0.000073,-0.000047,-1.892792,-0.250695,0.857638,0.910296,-0.299857,0.000043,0.000024
-0.247085,0.045726,0.834497,-0.082562,0.007806,-0.152043,0.984889,-0.112875,0.349758,0.390927,0.552576,0.117166,-0.239086,-1.083687,-0.598795,-0.163994,1.665371,0.167961,0.256610,-0.100974,0.117359,0.204922,-1.327529,0.291148,-0.525096,1.176138,0.516107,0.000066,-0.000033,-1.895871,-0.225881,0.789891,0.927576,-0.305581,0.000042,-0.000004
-0.247014,0.049274,0.839814,-0.084121,0.008990,-0.152084,0.984740,-0.143433,0.347477,0.343407,0.585203,0.141045,-0.243205,-1.134334,-0.621079,-0.143287,1.725824,0.231592,0.261563,-0.104317,0.142763,0.209116,-1.300408,0.303122,-0.475334,1.169254,0.510761,0.000075,-0.000019,-1.881502,-0.215042,0.713122,0.922759,-0.309083,0.000050,-0.000035
-0.246517,0.052450,0.842931,-0.086599,0.008401,-0.148711,0.985046,-0.174744,0.339024,0.283484,0.627857,0.131839,-0.215560,-1.159860,-0.631182,-0.130459,1.768801,0.262452,0.261198,-0.102113,0.166075,0.209823,-1.267490,0.305202,-0.421210,1.150759,0.505195,0.000075,0.000025,-1.840747,-0.216271,0.633156,0.901319,-0.304281,0.000053,-0.000055
-0.245743,0.055142,0.844329,-0.089430,0.006404,-0.145076,0.985350,-0.200726,0.324537,0.223281,0.669032,0.114643,-0.180532,-1.159623,-0.636702,-0.132257,1.790921,0.281769,0.259003,-0.095081,0.184576,0.207236,-1.228212,0.298906,-0.365562,1.122266,0.498472,0.000074,0.000062,-1.782797,-0.219301,0.553660,0.865985,-0.293630,0.000053,-0.000069
-0.244836,0.057165,0.844364,-0.091859,0.002461,-0.143362,0.985395,-0.211869,0.306499,0.173336,0.692071,0.115361,-0.173892,-1.130810,-0.648597,-0.154472,1.786742,0.301956,0.261456,-0.084470,0.193618,0.201742,-1.179494,0.291872,-0.309482,1.084044,0.489541,0.000068,0.000077,-1.713299,-0.221444,0.477243,0.822392,-0.278222,0.000047,-0.000077
-0.243497,0.058776,0.842827,-0.093147,-0.003845,-0.144114,0.985160,-0.206026,0.282978,0.131710,0.694470,0.125565,-0.169482,-1.076955,-0.660127,-0.189583,1.755830,0.327700,0.261222,-0.070979,0.194741,0.194706,-1.122499,0.278738,-0.259421,1.047147,0.478677,0.000022,0.000043,-1.633182,-0.215866,0.411629,0.781109,-0.259990,0.000012,-0.000042
-0.241392,0.060357,0.839661,-0.094107,-0.012904,-0.149015,0.984262,-0.176878,0.252018,0.095446,0.662622,0.146721,-0.139923,-0.995382,-0.666075,-0.233282,1.693185,0.382080,0.261548,-0.055336,0.190923,0.187417,-1.056292,0.257613,-0.219621,1.023335,0.461573,0.000022,0.000054,-1.547923,-0.202619,0.359741,0.749935,-0.241296,0.000011,-0.000056
-0.238669,0.061631,0.834672,-0.094793,-0.023366,-0.156484,0.982843,-0.136383,0.226962,0.076387,0.624656,0.161672,-0.098077,-0.897564,-0.661111,-0.280312,1.608328,0.437773,0.261628,-0.038968,0.183514,0.180652,-0.991883,0.240658,-0.188005,1.003670,0.446374,0.000022,0.000063,-1.465011,-0.182437,0.323706,0.730048,-0.223708,0.000008,-0.000068
-0.235175,0.062266,0.827680,-0.094701,-0.033103,-0.165603,0.981077,-0.099327,0.216627,0.090442,0.613709,0.142481,-0.049805,-0.800465,-0.638395,-0.316784,1.511486,0.459831,0.261625,-0.023445,0.175056,0.172712,-0.939022,0.229479,-0.171237,0.986836,0.441935,0.000016,0.000068,-1.392787,-0.157433,0.308735,0.722782,-0.211141,0.000002,-0.000071
-0.231621,0.062464,0.819024,-0.094356,-0.041254,-0.175732,0.979037,-0.068216,0.212349,0.117159,0.620737,0.092413,-0.006675,-0.705029,-0.602648,-0.344482,1.407345,0.463461,0.261568,-0.007679,0.165467,0.163780,-0.900232,0.221939,-0.162935,0.973771,0.439796,0.000009,0.000067,-1.340847,-0.135634,0.306944,0.722725,-0.200364,-0.000004,-0.000069
-0.228707,0.062363,0.808815,-0.093920,-0.047706,-0.185580,0.976966,-0.046627,0.208681,0.141449,0.644456,0.018214,0.011869,-0.612846,-0.555782,-0.362515,1.299627,0.457981,0.261260,0.006786,0.154436,0.156145,-0.878909,0.220828,-0.156931,0.963300,0.435317,0.000005,0.000061,-1.309852,-0.119194,0.316467,0.729204,-0.187781,-0.000006,-0.000062
-0.226350,0.061789,0.797420,-0.093194,-0.052903,-0.193323,0.975265,-0.033171,0.205202,0.157925,0.679636,-0.070018,0.020504,-0.522622,-0.505655,-0.375734,1.190771,0.450007,0.261543,0.019814,0.141900,0.149680,-0.874847,0.222720,-0.155062,0.959383,0.428933,0.000007,0.000089,-1.298280,-0.114902,0.339786,0.741527,-0.177588,-0.000024,-0.000089
-0.224715,0.060711,0.784802,-0.092194,-0.057140,-0.197166,0.974352,-0.026933,0.198789,0.159113,0.721267,-0.165626,0.024182,-0.432947,-0.453986,-0.390346,1.079531,0.474263,0.260266,0.032130,0.127873,0.144220,-0.888934,0.223919,-0.153235,0.962755,0.417822,0.000004,0.000091,-1.309379,-0.128176,0.377947,0.757080,-0.174417,-0.000024,-0.000090
-0.223790,0.058806,0.772330,-0.090490,-0.059436,-0.196605,0.974487,-0.030692,0.191947,0.152986,0.766319,-0.261096,0.028646,-0.345697,-0.412880,-0.418073,0.978863,0.455439,0.250957,0.042177,0.112314,0.139088,-0.921883,0.225397,-0.158243,0.972476,0.409024,0.000001,0.000091,-1.336745,-0.157061,0.429127,0.773297,-0.175324,-0.000022,-0.000090
-0.223600,0.054961,0.760851,-0.087902,-0.057977,-0.189906,0.976139,-0.048943,0.189049,0.142335,0.810548,-0.349482,0.045959,-0.251618,-0.394810,-0.499023,0.906923,0.253742,0.209787,0.049664,0.091832,0.131486,-0.975493,0.226009,-0.180252,0.990145,0.411952,0.000001,0.000079,-1.381619,-0.202654,0.486959,0.782431,-0.180826,-0.000009,-0.000068
-0.224052,0.051784,0.751782,-0.082824,-0.053610,-0.178471,0.978986,-0.078800,0.181485,0.126131,0.850581,-0.417438,0.062636,-0.183077,-0.390000,-0.582598,0.870611,0.027698,0.171341,0.050772,0.073681,0.123682,-1.043621,0.224499,-0.208964,1.009634,0.422084,0.000003,0.000098,-1.436946,-0.250088,0.561316,0.787926,-0.188679,-0.000012,-0.000082
-0.225177,0.051795,0.746879,-0.074207,-0.046795,-0.163583,0.982621,-0.121711,0.161217,0.104115,0.886108,-0.450517,0.070361,-0.175498,-0.412454,-0.619842,0.877749,-0.043408,0.168753,0.043051,0.069810,0.119844,-1.124199,0.221656,-0.234995,1.020937,0.436883,0.000003,0.000097,-1.502361,-0.301774,0.658418,0.788670,-0.202344,-0.000014,-0.000071
-0.226771,0.053957,0.746051,-0.066976,-0.038090,-0.149678,0.985728,-0.162837,0.140820,0.084137,0.906028,-0.455820,0.070297,-0.210126,-0.449985,-0.619858,0.912155,-0.007209,0.187036,0.029525,0.078049,0.119877,-1.206620,0.214840,-0.263837,1.032412,0.453164,0.000002,0.000081,-1.583982,-0.345806,0.757126,0.784784,-0.215130,-0.000012,-0.000046
-0.228867,0.058631,0.750473,-0.063033,-0.030573,-0.142756,0.987275,-0.183398,0.127888,0.076032,0.896570,-0.436267,0.060720,-0.287362,-0.488640,-0.564933,0.967436,0.146815,0.221348,0.014566,0.098507,0.127023,-1.275521,0.200951,-0.297099,1.052322,0.464109,-0.000009,0.000088,-1.658173,-0.367161,0.849407,0.793709,-0.213588,-0.000022,-0.000051
-0.231028,0.063462,0.758327,-0.063169,-0.025107,-0.142119,0.987513,-0.185950,0.127284,0.078930,0.861845,-0.395697,0.043587,-0.384901,-0.509045,-0.480586,1.029590,0.319986,0.257943,0.002464,0.124197,0.139484,-1.334664,0.190543,-0.335851,1.077254,0.479171,-0.000021,0.000083,-1.728300,-0.372026,0.926102,0.807272,-0.209049,-0.000012,0.000010
-0.232821,0.066001,0.768381,-0.067956,-0.020300,-0.148705,0.986335,-0.170925,0.143658,0.095384,0.800109,-0.340853,0.021444,-0.472342,-0.505366,-0.411619,1.084483,0.387603,0.258971,-0.006584,0.140535,0.152813,-1.386772,0.187765,-0.396387,1.110241,0.515453,-0.000008,0.000037,-1.794043,-0.363542,0.971258,0.819783,-0.203227,-0.000003,0.000015
-0.234170,0.067179,0.780025,-0.071059,-0.016304,-0.156726,0.984948,-0.148886,0.157699,0.116536,0.724626,-0.270228,-0.004660,-0.553590,-0.500811,-0.350893,1.146212,0.393597,0.260324,-0.012328,0.150714,0.165017,-1.427423,0.178152,-0.451019,1.146116,0.552200,-0.000017,0.000047,-1.848921,-0.345527,0.992658,0.836857,-0.198938,-0.000004,0.000056
-0.234538,0.066956,0.792458,-0.068816,-0.012787,-0.160358,0.984574,-0.132574,0.156279,0.129746,0.648052,-0.177641,-0.029436,-0.627246,-0.519858,-0.309371,1.222792,0.356984,0.258089,-0.013707,0.160565,0.170693,-1.454748,0.167854,-0.471081,1.176993,0.571234,0.000010,0.000015,-1.888938,-0.318045,0.996272,0.861631,-0.200589,-0.000001,0.000064
-0.234864,0.065791,0.804848,-0.064167,-0.007561,-0.160062,0.984990,-0.125133,0.148532,0.129380,0.574951,-0.081058,-0.068924,-0.699087,-0.554825,-0.281436,1.307937,0.294749,0.246999,-0.013787,0.169843,0.170295,-1.472968,0.159067,-0.469480,1.199580,0.578865,0.000040,-0.000012,-1.914286,-0.289613,0.979606,0.888886,-0.208716,0.000006,0.000067
-0.236028,0.064070,0.816355,-0.058126,-0.000534,-0.154427,0.986293,-0.128199,0.136419,0.104378,0.512403,-0.001170,-0.154300,-0.769014,-0.605733,-0.266445,1.399957,0.220495,0.212719,-0.013125,0.179465,0.167212,-1.483499,0.149302,-0.441985,1.210700,0.567700,0.000020,-0.000009,-1.926947,-0.269109,0.943100,0.915243,-0.224088,0.000007,0.000025
-0.237642,0.062098,0.826537,-0.052746,0.007494,-0.146061,0.987840,-0.140210,0.123514,0.061055,0.466937,0.063421,-0.250010,-0.834749,-0.659350,-0.256764,1.489058,0.157782,0.174368,-0.014101,0.189432,0.162747,-1.487226,0.145546,-0.400759,1.211099,0.549755,0.000055,-0.000031,-1.929263,-0.255609,0.891325,0.931639,-0.246415,0.000035,0.000052
-0.239742,0.060311,0.834709,-0.049308,0.016140,-0.136265,0.989313,-0.161769,0.116565,0.030783,0.444263,0.117349,-0.261547,-0.894287,-0.706855,-0.251905,1.565980,0.143639,0.151984,-0.020518,0.198782,0.158802,-1.486183,0.147654,-0.363916,1.204649,0.540751,0.000034,-0.000011,-1.928752,-0.249839,0.833363,0.932067,-0.284460,0.000021,0.000015
-0.242029,0.058388,0.840867,-0.048193,0.024314,-0.127006,0.990432,-0.187472,0.118191,0.002392,0.446569,0.152177,-0.261700,-0.942503,-0.739838,-0.247500,1.624079,0.166251,0.144000,-0.029711,0.206559,0.156036,-1.475486,0.150923,-0.324542,1.189655,0.531628,0.000050,-0.000007,-1.907982,-0.248991,0.760355,0.920067,-0.313238,0.000035,0.000004
-0.244249,0.056161,0.844586,-0.050151,0.031023,-0.122045,0.990771,-0.214502,0.129447,-0.029896,0.484546,0.149466,-0.261450,-0.979375,-0.740933,-0.239247,1.656661,0.228999,0.147890,-0.038120,0.210928,0.155093,-1.449236,0.155013,-0.275978,1.160664,0.516320,0.000037,0.000004,-1.858373,-0.233117,0.660695,0.890025,-0.303807,0.000027,-0.000008
-0.246310,0.053554,0.846390,-0.053456,0.035862,-0.120663,0.990604,-0.240017,0.146034,-0.052544,0.539488,0.132888,-0.254327,-0.998919,-0.719467,-0.235375,1.661779,0.303336,0.165010,-0.044656,0.210352,0.155458,-1.409836,0.159836,-0.224804,1.123446,0.502295,0.000064,0.000040,-1.797153,-0.205901,0.554621,0.845612,-0.279888,0.000055,-0.000045
-0.248043,0.050439,0.846687,-0.056996,0.039135,-0.121710,0.990155,-0.259882,0.170249,-0.037610,0.592889,0.114892,-0.214521,-0.993461,-0.685523,-0.242178,1.635118,0.356263,0.196749,-0.051828,0.202238,0.155718,-1.358719,0.166851,-0.173084,1.078392,0.494482,0.000027,0.000034,-1.719818,-0.171896,0.455860,0.796059,-0.250203,0.000019,-0.000031
-0.249407,0.046914,0.845343,-0.059605,0.039788,-0.124212,0.989664,-0.269459,0.191651,-0.017448,0.635676,0.108373,-0.170342,-0.965231,-0.638490,-0.252863,1.580075,0.384728,0.230528,-0.057366,0.187877,0.155726,-1.299695,0.170828,-0.127235,1.032634,0.490754,0.000057,0.000087,-1.634389,-0.121616,0.380248,0.753872,-0.222550,0.000041,-0.000084
-0.250531,0.043075,0.842401,-0.060752,0.036673,-0.125941,0.989496,-0.266318,0.196495,-0.017862,0.654360,0.147790,-0.119606,-0.908755,-0.583328,-0.265544,1.495879,0.366896,0.251093,-0.058832,0.169751,0.154889,-1.238916,0.163196,-0.099771,0.997682,0.491313,0.000036,0.000081,-1.554068,-0.086916,0.340922,0.733613,-0.214681,0.000027,-0.000080
-0.250742,0.038767,0.837694,-0.061277,0.031161,-0.128198,0.989363,-0.246402,0.198378,-0.017086,0.647658,0.189086,-0.068026,-0.836643,-0.521525,-0.271914,1.392363,0.337776,0.258686,-0.060118,0.149902,0.152335,-1.175489,0.154898,-0.084897,0.973473,0.493986,0.000019,0.000082,-1.478467,-0.060790,0.324166,0.727116,-0.212792,0.000016,-0.000081
-0.249212,0.033804,0.831085,-0.061152,0.024036,-0.132270,0.989034,-0.201595,0.203377,0.001350,0.608214,0.182689,-0.010870,-0.762484,-0.451615,-0.259176,1.275962,0.343117,0.260022,-0.065316,0.130053,0.146193,-1.106562,0.156588,-0.078268,0.963996,0.497206,0.000004,0.000091,-1.408383,-0.030300,0.328535,0.733718,-0.210873,0.000003,-0.000090
-0.246517,0.028397,0.822598,-0.060377,0.016869,-0.135513,0.988790,-0.145664,0.207462,0.023857,0.556649,0.136566,0.032676,-0.686035,-0.378641,-0.228224,1.154981,0.360412,0.258982,-0.072722,0.110267,0.136243,-1.042269,0.165040,-0.076983,0.967107,0.500235,-0.000011,0.000091,-1.351337,-0.001432,0.348800,0.749242,-0.207209,-0.000013,-0.000091
-0.242541,0.022671,0.811929,-0.059753,0.011172,-0.137155,0.988683,-0.088196,0.211686,0.041972,0.513269,0.046042,0.030630,-0.611137,-0.298339,-0.178622,1.037802,0.386678,0.248447,-0.082402,0.090584,0.120880,-0.988299,0.178143,-0.077131,0.983163,0.499434,-0.000022,0.000091,-1.312697,0.016730,0.374168,0.766673,-0.197045,-0.000030,-0.000090
-0.238533,0.016676,0.799983,-0.057192,0.008247,-0.133947,0.989302,-0.042455,0.213515,0.051885,0.480244,-0.060935,0.016280,-0.538293,-0.237404,-0.132478,0.937517,0.377453,0.227615,-0.089167,0.072753,0.102336,-0.955796,0.188053,-0.084009,1.001410,0.501039,-0.000031,0.000090,-1.293160,0.017219,0.406256,0.784356,-0.184497,-0.000044,-0.000089
-0.235484,0.010723,0.786702,-0.051097,0.008804,-0.122574,0.991104,-0.019696,0.206561,0.043754,0.460000,-0.162997,0.027396,-0.469212,-0.218054,-0.116028,0.876678,0.251770,0.212849,-0.085562,0.058429,0.084036,-0.956636,0.189575,-0.108173,1.015728,0.516587,-0.000011,0.000079,-1.299951,-0.008300,0.440876,0.794537,-0.172352,-0.000020,-0.000068
-0.234050,0.004219,0.774596,-0.041112,0.012686,-0.105509,0.993487,-0.024024,0.188976,0.016935,0.460988,-0.248477,0.041699,-0.412851,-0.229261,-0.130918,0.840284,0.081329,0.189973,-0.073341,0.047889,0.069722,-0.984444,0.181596,-0.138650,1.028796,0.533646,-0.000014,0.000095,-1.324311,-0.058166,0.482553,0.805426,-0.164169,-0.000028,-0.000081
-0.235489,-0.003485,0.766138,-0.025514,0.019910,-0.081706,0.996131,-0.061809,0.158197,-0.032446,0.490821,-0.306345,0.038374,-0.374885,-0.268171,-0.186963,0.811492,-0.068063,0.144546,-0.053825,0.042675,0.065350,-1.039043,0.164647,-0.162798,1.033421,0.542019,-0.000017,0.000098,-1.374767,-0.124610,0.532814,0.815135,-0.170480,-0.000022,-0.000082
-0.239023,-0.011908,0.761415,-0.008876,0.028536,-0.052526,0.998172,-0.130616,0.118055,-0.087103,0.554720,-0.314877,0.022597,-0.345365,-0.313283,-0.259655,0.784926,-0.187810,0.097519,-0.032610,0.041461,0.070400,-1.110402,0.142864,-0.185307,1.037657,0.544165,-0.000018,0.000098,-1.432104,-0.190446,0.600100,0.826267,-0.177854,-0.000013,-0.000078
-0.244826,-0.020737,0.761852,0.006721,0.038303,-0.018469,0.999073,-0.239590,0.065969,-0.150156,0.664152,-0.230574,0.002734,-0.326728,-0.356650,-0.324319,0.757717,-0.241236,0.078562,-0.014973,0.042819,0.085476,-1.189172,0.118395,-0.205243,1.048933,0.535373,-0.000011,0.000098,-1.488377,-0.270831,0.687071,0.840207,-0.179568,-0.000000,-0.000065
-0.251315,-0.030025,0.765935,0.019350,0.046550,0.019157,0.998545,-0.370320,0.035384,-0.161335,0.790737,-0.098445,-0.052100,-0.303766,-0.396887,-0.395787,0.723320,-0.250666,0.074173,-0.005432,0.043198,0.106239,-1.275933,0.088061,-0.228499,1.062340,0.525443,0.000000,0.000098,-1.567229,-0.343682,0.782532,0.842134,-0.189433,0.000020,-0.000032
-0.257150,-0.040158,0.773196,0.026715,0.049957,0.056317,0.996804,-0.511824,0.074321,-0.065534,0.921870,0.053583,-0.213407,-0.258871,-0.421612,-0.479675,0.669469,-0.235506,0.071693,-0.006088,0.038966,0.128556,-1.364442,0.057186,-0.258774,1.079109,0.523537,0.000004,0.000028,-1.631199,-0.415954,0.879616,0.853286,-0.206364,0.000012,0.000012
-0.261710,-0.050316,0.781939,0.030345,0.050205,0.090204,0.994194,-0.642842,0.157569,0.075686,1.063126,0.182132,-0.261747,-0.205661,-0.432381,-0.567294,0.608352,-0.202256,0.074086,-0.010809,0.028136,0.150302,-1.444789,0.030109,-0.291584,1.101250,0.527649,0.000011,0.000033,-1.691316,-0.484627,0.951160,0.874415,-0.226472,0.000035,0.000067
-0.263369,-0.059848,0.790088,0.030790,0.048645,0.114246,0.991783,-0.739592,0.244034,0.162589,1.208221,0.176415,-0.261730,-0.156871,-0.428672,-0.641584,0.550259,-0.166013,0.078584,-0.006876,0.004376,0.167346,-1.515661,-0.010163,-0.333014,1.130767,0.540010,0.000003,-0.000004,-1.735353,-0.536059,0.982517,0.917801,-0.243218,0.000045,0.000074
-0.263754,-0.068117,0.798278,0.030913,0.046765,0.128145,0.990170,-0.818529,0.322939,0.210597,1.367123,0.109606,-0.260163,-0.121753,-0.419585,-0.691601,0.501255,-0.121102,0.090460,0.002721,-0.029173,0.180676,-1.569147,-0.046467,-0.368599,1.165808,0.555320,0.000001,-0.000028,-1.761492,-0.578404,0.983422,0.968588,-0.265764,0.000054,0.000076
-0.263934,-0.074236,0.806545,0.031303,0.045230,0.132350,0.989676,-0.896714,0.387282,0.237259,1.543168,0.063017,-0.239164,-0.107283,-0.412366,-0.709424,0.471983,-0.062333,0.116434,0.010161,-0.066735,0.191364,-1.601467,-0.075682,-0.388087,1.202422,0.565748,0.000005,-0.000018,-1.784278,-0.607883,0.962744,1.004146,-0.301656,0.000027,0.000041
-0.263953,-0.078526,0.814775,0.031494,0.044068,0.131035,0.989897,-0.971204,0.443446,0.248756,1.721401,0.028027,-0.205745,-0.105466,-0.407110,-0.703390,0.454337,0.005818,0.153884,0.013845,-0.105959,0.198601,-1.620646,-0.098783,-0.396673,1.235222,0.575370,0.000016,-0.000025,-1.793466,-0.627596,0.919060,1.025054,-0.333860,0.000040,0.000045
-0.264384,-0.080639,0.823097,0.030967,0.042422,0.125551,0.990696,-1.037555,0.503940,0.252776,1.894416,0.003998,-0.132391,-0.108528,-0.401096,-0.681217,0.438783,0.086327,0.204594,0.010829,-0.144062,0.202520,-1.622646,-0.103589,-0.395906,1.267369,0.587021,0.000019,-0.000013,-1.791942,-0.633699,0.848401,1.024192,-0.350581,0.000028,0.000020
-0.264753,-0.081605,0.830779,0.031157,0.040779,0.120153,0.991428,-1.093702,0.556788,0.247337,2.053044,-0.016692,-0.060470,-0.117750,-0.397178,-0.641037,0.430611,0.164238,0.256207,0.004690,-0.178708,0.203362,-1.614016,-0.105244,-0.389272,1.292837,0.594114,0.000059,-0.000024,-1.776528,-0.633830,0.756096,1.008277,-0.355328,0.000066,0.000025
-0.264754,-0.082314,0.837193,0.034149,0.040927,0.118513,0.991521,-1.134694,0.595936,0.240151,2.190679,-0.031063,-0.037953,-0.136656,-0.402515,-0.596558,0.437128,0.229584,0.261584,0.003361,-0.206769,0.201532,-1.604341,-0.115264,-0.378945,1.302357,0.594131,0.000049,-0.000010,-1.746433,-0.630718,0.646144,0.981097,-0.347525,0.000053,-0.000006
-0.264466,-0.082815,0.842171,0.037977,0.041814,0.116554,0.991577,-1.161753,0.627220,0.227278,2.295510,-0.033068,-0.040938,-0.160248,-0.408224,-0.536959,0.451839,0.265586,0.261669,0.005920,-0.229615,0.197369,-1.587787,-0.128306,-0.359775,1.298713,0.585978,0.000040,-0.000001,-1.700473,-0.621469,0.525333,0.940081,-0.330553,0.000042,-0.000022
-0.263898,-0.083569,0.845163,0.041410,0.042938,0.113119,0.991789,-1.174360,0.655764,0.215002,2.353122,-0.024922,-0.045321,-0.185815,-0.404149,-0.450789,0.471325,0.237511,0.261630,0.010965,-0.248281,0.190850,-1.557440,-0.139173,-0.322232,1.280055,0.564072,0.000034,0.000013,-1.638780,-0.600197,0.398962,0.885816,-0.304857,0.000038,-0.000033
-0.262983,-0.084229,0.846685,0.044460,0.043708,0.107607,0.992237,-1.171948,0.685558,0.208185,2.361903,0.004619,-0.055911,-0.208336,-0.391279,-0.355654,0.488371,0.187509,0.261306,0.018671,-0.261611,0.182030,-1.515104,-0.143175,-0.278886,1.251545,0.540696,0.000024,0.000024,-1.568851,-0.559916,0.280260,0.823955,-0.276761,0.000030,-0.000035
-0.261679,-0.084560,0.847183,0.047002,0.042906,0.099146,0.993036,-1.156552,0.723645,0.204458,2.308820,0.077459,-0.074815,-0.219378,-0.372626,-0.269699,0.487074,0.151721,0.261168,0.028602,-0.268094,0.171133,-1.465691,-0.140215,-0.237515,1.212892,0.524496,0.000027,0.000050,-1.494757,-0.504538,0.181993,0.760839,-0.253177,0.000034,-0.000056
-0.259945,-0.084553,0.846292,0.046969,0.039935,0.089701,0.994059,-1.131722,0.759004,0.207074,2.213860,0.165335,-0.103760,-0.215432,-0.348393,-0.199964,0.470740,0.138865,0.261126,0.038179,-0.267070,0.158989,-1.410613,-0.133566,-0.200628,1.174234,0.512676,0.000045,0.000084,-1.420698,-0.440371,0.105903,0.701941,-0.230780,0.000056,-0.000084
-0.257652,-0.083980,0.843867,0.042540,0.033721,0.081005,0.995234,-1.094295,0.783508,0.215037,2.095243,0.234698,-0.154402,-0.190952,-0.319320,-0.162338,0.437191,0.179671,0.260985,0.041778,-0.257291,0.145876,-1.353477,-0.127283,-0.176446,1.149523,0.504979,0.000039,0.000086,-1.343649,-0.366764,0.056294,0.654828,-0.202470,0.000046,-0.000086
-0.254944,-0.083489,0.839535,0.035169,0.026296,0.077254,0.996044,-1.049700,0.787109,0.223926,1.958444,0.280452,-0.188205,-0.155926,-0.291604,-0.145278,0.399866,0.227111,0.259844,0.039326,-0.240944,0.133383,-1.302466,-0.124527,-0.164581,1.136149,0.501269,0.000029,0.000078,-1.272980,-0.302697,0.034980,0.620018,-0.179142,0.000030,-0.000078
-0.251821,-0.083949,0.832978,0.026998,0.020122,0.080974,0.996147,-1.000816,0.753403,0.233715,1.810362,0.300473,-0.153329,-0.123636,-0.267355,-0.136900,0.380594,0.227586,0.237361,0.034563,-0.224144,0.122613,-1.266232,-0.132659,-0.169888,1.136233,0.502541,0.000026,0.000086,-1.218062,-0.273115,0.045468,0.605069,-0.174790,0.000027,-0.000087
-0.248592,-0.084481,0.824389,0.020154,0.014622,0.087703,0.995835,-0.945502,0.697761,0.235519,1.660243,0.315820,-0.099477,-0.093779,-0.249091,-0.142668,0.376819,0.188946,0.195476,0.028113,-0.209179,0.113111,-1.243616,-0.145613,-0.183721,1.145070,0.506323,0.000008,0.000064,-1.177577,-0.265637,0.080680,0.607339,-0.177299,0.000008,-0.000071
-0.245441,-0.084519,0.813426,0.015338,0.009535,0.095150,0.995299,-0.886341,0.628464,0.222606,1.514680,0.333884,-0.072483,-0.064936,-0.239821,-0.158099,0.388472,0.103482,0.175132,0.020154,-0.195826,0.104522,-1.233259,-0.155618,-0.199108,1.158060,0.511751,0.000004,0.000073,-1.151616,-0.274628,0.136445,0.622679,-0.183169,0.000009,-0.000080
-0.242757,-0.083878,0.801221,0.011990,0.005240,0.102749,0.994621,-0.824976,0.553875,0.196490,1.380917,0.349387,-0.071119,-0.039458,-0.235549,-0.176967,0.408587,-0.005005,0.164265,0.011248,-0.183449,0.097635,-1.235348,-0.165802,-0.216070,1.173254,0.518114,-0.000001,0.000093,-1.140818,-0.295583,0.206907,0.646920,-0.185926,0.000014,-0.000098
