0.008832,0.000696,0.779582,-0.008241,0.036538,0.018276,0.999131,-0.191897,0.000549,0.040484,0.262125,-0.144681,-0.019592,-0.168660,-0.070524,-0.089415,0.249529,-0.146146,0.034898,-0.002182,-0.001823,0.005290,0.378120,0.226620,-0.233306,0.699935,0.123098,0.000083,-0.000051,0.289219,-0.197260,0.174568,0.786068,-0.204999,0.000080,0.000056
0.008837,0.000694,0.779582,-0.006752,0.038724,0.021577,0.998994,-0.195715,-0.003380,0.039155,0.259536,-0.142162,-0.021311,-0.169824,-0.079936,-0.103629,0.244024,-0.142738,0.040070,-0.008811,-0.004591,0.001219,0.378161,0.226678,-0.233133,0.700202,0.123128,0.000083,-0.000051,0.289472,-0.197441,0.174464,0.786348,-0.205072,0.000080,0.000056
0.008852,0.000689,0.779581,-0.005659,0.040119,0.024054,0.998889,-0.198415,-0.007341,0.035430,0.259296,-0.141694,-0.021230,-0.171670,-0.084329,-0.108740,0.243102,-0.141976,0.040991,-0.014002,-0.006650,-0.001800,0.378203,0.226663,-0.232949,0.700523,0.123145,0.000083,-0.000051,0.289697,-0.197632,0.174443,0.786610,-0.205262,0.000080,0.000056
0.008879,0.000682,0.779579,-0.004855,0.041123,0.025892,0.998807,-0.200435,-0.010381,0.032400,0.259409,-0.141650,-0.021013,-0.173219,-0.087341,-0.111978,0.242967,-0.141858,0.041300,-0.017848,-0.008139,-0.004092,0.378234,0.226638,-0.232728,0.700870,0.123227,0.000083,-0.000051,0.289910,-0.197807,0.174456,0.786858,-0.205517,0.000080,0.000056
0.008894,0.000677,0.779579,-0.004268,0.041863,0.027234,0.998743,-0.201947,-0.012623,0.030156,0.259540,-0.141652,-0.020818,-0.174410,-0.089524,-0.114281,0.242960,-0.141837,0.041486,-0.020699,-0.009215,-0.005853,0.378254,0.226569,-0.232432,0.701211,0.123321,0.000083,-0.000051,0.290073,-0.197940,0.174418,0.787064,-0.205745,0.000080,0.000056
0.008911,0.000670,0.779579,-0.003837,0.042401,0.028205,0.998695,-0.203042,-0.014259,0.028531,0.259658,-0.141673,-0.020686,-0.175279,-0.091114,-0.115942,0.242980,-0.141854,0.041619,-0.022819,-0.009988,-0.007242,0.378289,0.226465,-0.232071,0.701543,0.123439,0.000083,-0.000051,0.290213,-0.197995,0.174356,0.787247,-0.205908,0.000080,0.000056
0.008921,0.000664,0.779579,-0.003517,0.042799,0.028908,0.998659,-0.203857,-0.015457,0.027357,0.259746,-0.141669,-0.020598,-0.175931,-0.092278,-0.117139,0.242997,-0.141840,0.041712,-0.024409,-0.010538,-0.008347,0.378320,0.226282,-0.231678,0.701856,0.123524,0.000083,-0.000051,0.290305,-0.197986,0.174206,0.787363,-0.206002,0.000080,0.000056
0.008927,0.000659,0.779579,-0.003281,0.043095,0.029421,0.998632,-0.204465,-0.016337,0.026502,0.259812,-0.141655,-0.020541,-0.176419,-0.093135,-0.118014,0.243008,-0.141829,0.041766,-0.025607,-0.010924,-0.009240,0.378345,0.226049,-0.231260,0.702150,0.123639,0.000083,-0.000051,0.290367,-0.197912,0.174021,0.787427,-0.206056,0.000080,0.000056
0.008926,0.000657,0.779579,-0.003109,0.043320,0.029808,0.998612,-0.204929,-0.016991,0.025863,0.259849,-0.141641,-0.020494,-0.176791,-0.093771,-0.118676,0.243008,-0.141818,0.041806,-0.026506,-0.011191,-0.009968,0.378338,0.225786,-0.230863,0.702410,0.123798,0.000083,-0.000051,0.290419,-0.197808,0.173781,0.787452,-0.206063,0.000080,0.000056
0.008927,0.000652,0.779579,-0.002975,0.043478,0.030082,0.998597,-0.205258,-0.017475,0.025422,0.259881,-0.141612,-0.020459,-0.177057,-0.094241,-0.119139,0.243013,-0.141804,0.041826,-0.027200,-0.011361,-0.010588,0.378330,0.225478,-0.230455,0.702695,0.123973,0.000083,-0.000051,0.290446,-0.197653,0.173588,0.787438,-0.206063,0.000080,0.000056
0.008926,0.000647,0.779581,-0.002869,0.043588,0.030273,0.998587,-0.205489,-0.017834,0.025114,0.259906,-0.141573,-0.020453,-0.177246,-0.094593,-0.119461,0.243018,-0.141795,0.041818,-0.027745,-0.011454,-0.011132,0.378307,0.225123,-0.230073,0.702993,0.124164,0.000083,-0.000051,0.290448,-0.197471,0.173422,0.787407,-0.206067,0.000080,0.000056
0.008923,0.000641,0.779581,-0.002782,0.043664,0.030408,0.998580,-0.205652,-0.018106,0.024905,0.259922,-0.141530,-0.020453,-0.177379,-0.094861,-0.119689,0.243022,-0.141797,0.041797,-0.028180,-0.011482,-0.011622,0.378295,0.224687,-0.229602,0.703319,0.124325,0.000083,-0.000051,0.290427,-0.197357,0.173383,0.787391,-0.206176,0.000080,0.000056
0.008916,0.000633,0.779582,-0.002712,0.043716,0.030505,0.998574,-0.205768,-0.018311,0.024763,0.259931,-0.141494,-0.020442,-0.177477,-0.095062,-0.119842,0.243024,-0.141793,0.041797,-0.028534,-0.011460,-0.012074,0.378294,0.224141,-0.229026,0.703660,0.124428,0.000083,-0.000051,0.290403,-0.197167,0.173339,0.787389,-0.206169,0.000080,0.000056
0.008907,0.000626,0.779582,-0.002659,0.043756,0.030586,0.998570,-0.205860,-0.018470,0.024644,0.259934,-0.141465,-0.020434,-0.177554,-0.095217,-0.119969,0.243023,-0.141789,0.041772,-0.028811,-0.011402,-0.012493,0.378263,0.223517,-0.228448,0.703954,0.124572,0.000083,-0.000050,0.290348,-0.196864,0.173448,0.787400,-0.206067,0.000080,0.000056
0.008888,0.000615,0.779583,-0.002613,0.043789,0.030640,0.998567,-0.205947,-0.018589,0.024567,0.259925,-0.141426,-0.020448,-0.177639,-0.095334,-0.120057,0.243020,-0.141776,0.041751,-0.029034,-0.011312,-0.012876,0.378201,0.222792,-0.227977,0.704223,0.124695,0.000083,-0.000050,0.290210,-0.196429,0.173805,0.787380,-0.206006,0.000080,0.000056
0.008860,0.000602,0.779584,-0.002574,0.043818,0.030683,0.998565,-0.206032,-0.018685,0.024512,0.259907,-0.141369,-0.020446,-0.177731,-0.095426,-0.120119,0.243010,-0.141732,0.041704,-0.029202,-0.011195,-0.013222,0.378076,0.221979,-0.227655,0.704426,0.124767,0.000083,-0.000050,0.290010,-0.195967,0.174242,0.787408,-0.206058,0.000080,0.000057
0.008809,0.000584,0.779587,-0.002546,0.043856,0.030724,0.998562,-0.206159,-0.018748,0.024449,0.259872,-0.141270,-0.020464,-0.177879,-0.095488,-0.120186,0.242992,-0.141645,0.041664,-0.029297,-0.011067,-0.013504,0.377872,0.221149,-0.227488,0.704575,0.124859,0.000083,-0.000050,0.289716,-0.195546,0.174728,0.787444,-0.206318,0.000080,0.000057
0.008738,0.000565,0.779590,-0.002522,0.043887,0.030753,0.998560,-0.206298,-0.018796,0.024418,0.259813,-0.141120,-0.020476,-0.178038,-0.095532,-0.120227,0.242966,-0.141533,0.041620,-0.029353,-0.010924,-0.013734,0.377619,0.220348,-0.227452,0.704650,0.124978,0.000083,-0.000050,0.289379,-0.195153,0.175173,0.787460,-0.206649,0.000080,0.000057
0.008649,0.000547,0.779594,-0.002510,0.043922,0.030789,0.998557,-0.206468,-0.018821,0.024370,0.259737,-0.140945,-0.020496,-0.178229,-0.095557,-0.120284,0.242951,-0.141392,0.041554,-0.029375,-0.010781,-0.013895,0.377296,0.219601,-0.227496,0.704700,0.125179,0.000083,-0.000050,0.289026,-0.194717,0.175529,0.787471,-0.206937,0.000080,0.000057
0.008553,0.000529,0.779598,-0.002499,0.043946,0.030841,0.998555,-0.206628,-0.018855,0.024295,0.259650,-0.140755,-0.020500,-0.178398,-0.095588,-0.120371,0.242923,-0.141244,0.041509,-0.029360,-0.010632,-0.014010,0.376937,0.218866,-0.227615,0.704701,0.125326,0.000083,-0.000050,0.288694,-0.194278,0.175761,0.787480,-0.207157,0.000080,0.000056
0.008432,0.000505,0.779603,-0.002502,0.043992,0.030919,0.998550,-0.206863,-0.018874,0.024163,0.259521,-0.140503,-0.020530,-0.178634,-0.095604,-0.120516,0.242892,-0.141071,0.041466,-0.029318,-0.010499,-0.014030,0.376503,0.218224,-0.227636,0.704597,0.125513,0.000083,-0.000050,0.288306,-0.193821,0.175957,0.787454,-0.207376,0.000080,0.000057
0.008312,0.000480,0.779608,-0.002512,0.044014,0.030991,0.998547,-0.207043,-0.018875,0.024040,0.259374,-0.140230,-0.020540,-0.178814,-0.095605,-0.120667,0.242842,-0.140880,0.041427,-0.029265,-0.010381,-0.014011,0.376117,0.217607,-0.227670,0.704495,0.125670,0.000083,-0.000051,0.287995,-0.193385,0.176125,0.787437,-0.207582,0.000080,0.000057
0.008197,0.000456,0.779613,-0.002518,0.044006,0.031054,0.998545,-0.207150,-0.018875,0.023933,0.259222,-0.139983,-0.020548,-0.178926,-0.095604,-0.120803,0.242780,-0.140697,0.041388,-0.029204,-0.010270,-0.013988,0.375809,0.217060,-0.227755,0.704342,0.125880,0.000083,-0.000051,0.287780,-0.192993,0.176267,0.787455,-0.207819,0.000080,0.000057
0.008067,0.000429,0.779620,-0.002535,0.044011,0.031133,0.998543,-0.207295,-0.018859,0.023793,0.259045,-0.139697,-0.020557,-0.179072,-0.095588,-0.120974,0.242709,-0.140486,0.041328,-0.029129,-0.010185,-0.013918,0.375486,0.216627,-0.227879,0.704100,0.126154,0.000083,-0.000051,0.287592,-0.192606,0.176409,0.787450,-0.208057,0.000080,0.000057
0.007936,0.000401,0.779626,-0.002554,0.043999,0.031200,0.998541,-0.207406,-0.018833,0.023663,0.258853,-0.139397,-0.020569,-0.179193,-0.095558,-0.121130,0.242636,-0.140272,0.041258,-0.029058,-0.010119,-0.013833,0.375225,0.216238,-0.227993,0.703766,0.126397,0.000083,-0.000051,0.287469,-0.192238,0.176576,0.787435,-0.208280,0.000080,0.000057
0.007809,0.000373,0.779632,-0.002585,0.043973,0.031269,0.998540,-0.207485,-0.018780,0.023529,0.258668,-0.139108,-0.020572,-0.179274,-0.095503,-0.121291,0.242562,-0.140077,0.041198,-0.028990,-0.010091,-0.013750,0.375029,0.215956,-0.228058,0.703373,0.126654,0.000083,-0.000051,0.287393,-0.191911,0.176804,0.787461,-0.208574,0.000080,0.000057
0.007685,0.000346,0.779638,-0.002610,0.043932,0.031349,0.998539,-0.207531,-0.018748,0.023380,0.258487,-0.138826,-0.020570,-0.179324,-0.095469,-0.121470,0.242490,-0.139873,0.041140,-0.028898,-0.010083,-0.013680,0.374905,0.215701,-0.228117,0.702970,0.126855,0.000083,-0.000051,0.287387,-0.191601,0.177011,0.787525,-0.208839,0.000080,0.000057
0.007565,0.000319,0.779644,-0.002632,0.043883,0.031408,0.998539,-0.207557,-0.018705,0.023269,0.258314,-0.138550,-0.020592,-0.179359,-0.095428,-0.121616,0.242423,-0.139674,0.041091,-0.028814,-0.010096,-0.013627,0.374882,0.215507,-0.228108,0.702621,0.127019,0.000082,-0.000051,0.287419,-0.191288,0.177219,0.787708,-0.209050,0.000080,0.000057
0.007454,0.000296,0.779649,-0.002643,0.043812,0.031452,0.998541,-0.207526,-0.018677,0.023194,0.258160,-0.138320,-0.020613,-0.179340,-0.095404,-0.121723,0.242357,-0.139497,0.041038,-0.028738,-0.010113,-0.013625,0.374998,0.215365,-0.228116,0.702359,0.127170,0.000082,-0.000051,0.287508,-0.191012,0.177480,0.788008,-0.209285,0.000080,0.000057
0.007365,0.000280,0.779653,-0.002641,0.043714,0.031485,0.998544,-0.207419,-0.018677,0.023140,0.258042,-0.138137,-0.020626,-0.179244,-0.095402,-0.121796,0.242298,-0.139345,0.040994,-0.028655,-0.010120,-0.013707,0.375308,0.215190,-0.228089,0.702300,0.127220,0.000082,-0.000051,0.287701,-0.190768,0.177706,0.788424,-0.209467,0.000080,0.000057
0.007284,0.000268,0.779656,-0.002638,0.043619,0.031501,0.998548,-0.207307,-0.018672,0.023117,0.257938,-0.137980,-0.020648,-0.179147,-0.095399,-0.121841,0.242236,-0.139211,0.040971,-0.028575,-0.010123,-0.013853,0.375751,0.215024,-0.227998,0.702354,0.127243,0.000082,-0.000051,0.287893,-0.190560,0.177920,0.788839,-0.209605,0.000080,0.000057
0.007186,0.000256,0.779660,-0.002636,0.043563,0.031512,0.998550,-0.207285,-0.018665,0.023111,0.257809,-0.137798,-0.020642,-0.179153,-0.095395,-0.121877,0.242174,-0.139056,0.040933,-0.028494,-0.010121,-0.013997,0.376257,0.214819,-0.227880,0.702508,0.127147,0.000082,-0.000051,0.287971,-0.190384,0.178103,0.789214,-0.209715,0.000080,0.000057
0.007099,0.000250,0.779663,-0.002637,0.043495,0.031523,0.998553,-0.207232,-0.018660,0.023099,0.257703,-0.137638,-0.020634,-0.179122,-0.095387,-0.121899,0.242122,-0.138907,0.040895,-0.028410,-0.010117,-0.014187,0.376879,0.214628,-0.227721,0.702751,0.127073,0.000082,-0.000051,0.288069,-0.190286,0.178268,0.789556,-0.209844,0.000080,0.000057
0.007019,0.000246,0.779665,-0.002634,0.043425,0.031526,0.998556,-0.207172,-0.018658,0.023105,0.257609,-0.137501,-0.020633,-0.179081,-0.095385,-0.121904,0.242073,-0.138772,0.040866,-0.028334,-0.010106,-0.014418,0.377570,0.214476,-0.227537,0.703063,0.127027,0.000082,-0.000051,0.288143,-0.190229,0.178433,0.789860,-0.209925,0.000080,0.000057
0.006935,0.000245,0.779667,-0.002636,0.043366,0.031519,0.998558,-0.207139,-0.018648,0.023123,0.257530,-0.137365,-0.020624,-0.179067,-0.095375,-0.121893,0.242021,-0.138636,0.040855,-0.028267,-0.010096,-0.014671,0.378309,0.214398,-0.227434,0.703435,0.127075,0.000082,-0.000051,0.288186,-0.190215,0.178568,0.790133,-0.209979,0.000080,0.000057
0.006844,0.000247,0.779669,-0.002639,0.043330,0.031510,0.998560,-0.207163,-0.018641,0.023146,0.257443,-0.137213,-0.020599,-0.179116,-0.095368,-0.121871,0.241979,-0.138483,0.040865,-0.028214,-0.010080,-0.014910,0.379090,0.214389,-0.227452,0.703862,0.127178,0.000082,-0.000051,0.288165,-0.190220,0.178622,0.790321,-0.209988,0.000080,0.000057
0.006749,0.000253,0.779672,-0.002642,0.043308,0.031497,0.998562,-0.207223,-0.018636,0.023188,0.257357,-0.137058,-0.020589,-0.179196,-0.095367,-0.121849,0.241929,-0.138325,0.040843,-0.028182,-0.010061,-0.015129,0.379915,0.214415,-0.227563,0.704379,0.127283,0.000082,-0.000051,0.288092,-0.190246,0.178594,0.790471,-0.209962,0.000080,0.000057
0.006650,0.000263,0.779675,-0.002643,0.043291,0.031478,0.998563,-0.207299,-0.018637,0.023238,0.257267,-0.136884,-0.020552,-0.179291,-0.095373,-0.121817,0.241877,-0.138143,0.040852,-0.028175,-0.010033,-0.015328,0.380754,0.214454,-0.227734,0.704927,0.127345,0.000082,-0.000051,0.287993,-0.190306,0.178530,0.790586,-0.209941,0.000080,0.000057
0.006553,0.000276,0.779678,-0.002648,0.043273,0.031463,0.998564,-0.207370,-0.018640,0.023280,0.257182,-0.136725,-0.020513,-0.179380,-0.095377,-0.121785,0.241821,-0.137963,0.040860,-0.028188,-0.010003,-0.015513,0.381556,0.214547,-0.227964,0.705419,0.127438,0.000082,-0.000051,0.287903,-0.190398,0.178495,0.790672,-0.209962,0.000080,0.000057
0.006455,0.000291,0.779681,-0.002650,0.043260,0.031450,0.998565,-0.207451,-0.018653,0.023318,0.257093,-0.136564,-0.020484,-0.179477,-0.095390,-0.121764,0.241754,-0.137775,0.040857,-0.028216,-0.009966,-0.015677,0.382315,0.214672,-0.228250,0.705833,0.127535,0.000082,-0.000051,0.287830,-0.190503,0.178471,0.790699,-0.209968,0.000080,0.000057
0.006351,0.000315,0.779684,-0.002645,0.043264,0.031439,0.998565,-0.207565,-0.018697,0.023367,0.256988,-0.136406,-0.020409,-0.179612,-0.095434,-0.121732,0.241685,-0.137576,0.040889,-0.028263,-0.009904,-0.015798,0.383009,0.214794,-0.228546,0.706205,0.127620,0.000082,-0.000051,0.287744,-0.190667,0.178388,0.790605,-0.209931,0.000080,0.000057
0.006271,0.000340,0.779687,-0.002650,0.043237,0.031420,0.998567,-0.207591,-0.018714,0.023419,0.256908,-0.136309,-0.020362,-0.179653,-0.095451,-0.121692,0.241619,-0.137431,0.040912,-0.028333,-0.009842,-0.015943,0.383710,0.215062,-0.228902,0.706612,0.127869,0.000082,-0.000051,0.287777,-0.190913,0.178301,0.790439,-0.209917,0.000080,0.000057
0.006186,0.000372,0.779688,-0.002652,0.043213,0.031408,0.998569,-0.207623,-0.018753,0.023465,0.256822,-0.136234,-0.020294,-0.179699,-0.095484,-0.121650,0.241550,-0.137289,0.040944,-0.028416,-0.009766,-0.016086,0.384323,0.215442,-0.229269,0.706991,0.128283,0.000082,-0.000050,0.287867,-0.191243,0.178206,0.790167,-0.209908,0.000080,0.000056
0.006080,0.000418,0.779690,-0.002652,0.043216,0.031390,0.998569,-0.207735,-0.018817,0.023532,0.256727,-0.136123,-0.020186,-0.179824,-0.095545,-0.121597,0.241460,-0.137108,0.040998,-0.028519,-0.009666,-0.016178,0.384822,0.215863,-0.229572,0.707296,0.128754,0.000082,-0.000050,0.287952,-0.191658,0.178044,0.789807,-0.209900,0.000080,0.000056
0.005968,0.000466,0.779692,-0.002661,0.043231,0.031371,0.998569,-0.207877,-0.018869,0.023600,0.256631,-0.136037,-0.020060,-0.179974,-0.095593,-0.121547,0.241353,-0.136917,0.041075,-0.028644,-0.009564,-0.016218,0.385214,0.216354,-0.229837,0.707557,0.129166,0.000082,-0.000050,0.288024,-0.192129,0.177920,0.789426,-0.209931,0.000080,0.000056
0.005854,0.000518,0.779694,-0.002670,0.043246,0.031352,0.998569,-0.208030,-0.018928,0.023669,0.256533,-0.135906,-0.019936,-0.180125,-0.095647,-0.121491,0.241241,-0.136702,0.041169,-0.028796,-0.009452,-0.016211,0.385476,0.216845,-0.230037,0.707773,0.129395,0.000082,-0.000051,0.288104,-0.192617,0.177827,0.789044,-0.209947,0.000080,0.000056
0.005753,0.000563,0.779696,-0.002706,0.043233,0.031345,0.998570,-0.208109,-0.018928,0.023690,0.256440,-0.135828,-0.019818,-0.180202,-0.095643,-0.121485,0.241141,-0.136553,0.041231,-0.028962,-0.009377,-0.016210,0.385691,0.217375,-0.230058,0.707969,0.129428,0.000082,-0.000051,0.288253,-0.193027,0.177760,0.788779,-0.209931,0.000080,0.000056
0.005649,0.000609,0.779698,-0.002739,0.043220,0.031343,0.998570,-0.208191,-0.018941,0.023705,0.256349,-0.135739,-0.019713,-0.180276,-0.095650,-0.121483,0.241031,-0.136389,0.041302,-0.029141,-0.009317,-0.016195,0.385805,0.217951,-0.229974,0.708187,0.129411,0.000082,-0.000050,0.288439,-0.193428,0.177683,0.788626,-0.209947,0.000080,0.000056
0.005559,0.000653,0.779700,-0.002780,0.043203,0.031356,0.998570,-0.208253,-0.018945,0.023687,0.256265,-0.135656,-0.019609,-0.180328,-0.095649,-0.121514,0.240937,-0.136236,0.041390,-0.029314,-0.009286,-0.016177,0.385805,0.218643,-0.229919,0.708364,0.129457,0.000082,-0.000050,0.288651,-0.193802,0.177655,0.788606,-0.209948,0.000080,0.000056
0.005488,0.000690,0.779701,-0.002831,0.043170,0.031394,0.998570,-0.208258,-0.018933,0.023606,0.256194,-0.135619,-0.019560,-0.180320,-0.095630,-0.121603,0.240862,-0.136133,0.041435,-0.029462,-0.009300,-0.016186,0.385779,0.219366,-0.229898,0.708570,0.129452,0.000082,-0.000050,0.288910,-0.194138,0.177703,0.788672,-0.209994,0.000080,0.000056
0.005421,0.000726,0.779702,-0.002872,0.043153,0.031439,0.998570,-0.208290,-0.018942,0.023520,0.256123,-0.135584,-0.019505,-0.180337,-0.095636,-0.121692,0.240794,-0.136036,0.041506,-0.029590,-0.009334,-0.016188,0.385666,0.220075,-0.229939,0.708758,0.129417,0.000082,-0.000050,0.289165,-0.194458,0.177769,0.788802,-0.210086,0.000080,0.000056
0.005355,0.000763,0.779703,-0.002905,0.043138,0.031488,0.998569,-0.208327,-0.018971,0.023428,0.256055,-0.135546,-0.019463,-0.180358,-0.095663,-0.121795,0.240731,-0.135947,0.041566,-0.029696,-0.009385,-0.016187,0.385495,0.220748,-0.229993,0.708899,0.129329,0.000082,-0.000051,0.289431,-0.194722,0.177823,0.788994,-0.210133,0.000080,0.000057
0.005293,0.000799,0.779704,-0.002935,0.043129,0.031538,0.998567,-0.208373,-0.019008,0.023329,0.255990,-0.135501,-0.019418,-0.180386,-0.095697,-0.121896,0.240676,-0.135867,0.041647,-0.029789,-0.009449,-0.016177,0.385282,0.221397,-0.230056,0.708997,0.129237,0.000082,-0.000051,0.289688,-0.194954,0.177868,0.789204,-0.210191,0.000080,0.000057
0.005234,0.000834,0.779704,-0.002959,0.043127,0.031582,0.998566,-0.208427,-0.019047,0.023249,0.255924,-0.135466,-0.019372,-0.180427,-0.095735,-0.121984,0.240628,-0.135789,0.041699,-0.029883,-0.009522,-0.016152,0.385032,0.222071,-0.230176,0.709067,0.129241,0.000082,-0.000051,0.289914,-0.195123,0.177900,0.789401,-0.210219,0.000080,0.000057
0.005177,0.000867,0.779705,-0.002987,0.043126,0.031628,0.998564,-0.208486,-0.019080,0.023168,0.255867,-0.135446,-0.019322,-0.180469,-0.095762,-0.122070,0.240582,-0.135701,0.041730,-0.029973,-0.009613,-0.016113,0.384779,0.222776,-0.230317,0.709121,0.129334,0.000082,-0.000051,0.290104,-0.195279,0.177990,0.789570,-0.210317,0.000080,0.000057
0.005122,0.000902,0.779705,-0.003014,0.043125,0.031680,0.998563,-0.208545,-0.019120,0.023076,0.255815,-0.135408,-0.019250,-0.180505,-0.095798,-0.122169,0.240540,-0.135635,0.041792,-0.030057,-0.009717,-0.016062,0.384511,0.223455,-0.230559,0.709114,0.129476,0.000082,-0.000051,0.290281,-0.195372,0.178055,0.789674,-0.210387,0.000080,0.000057
0.005070,0.000937,0.779706,-0.003033,0.043127,0.031737,0.998561,-0.208611,-0.019181,0.022984,0.255763,-0.135373,-0.019191,-0.180547,-0.095857,-0.122274,0.240507,-0.135566,0.041836,-0.030137,-0.009821,-0.015995,0.384143,0.224082,-0.230869,0.708948,0.129643,0.000082,-0.000051,0.290436,-0.195408,0.178069,0.789707,-0.210421,0.000080,0.000057
0.005022,0.000971,0.779707,-0.003046,0.043126,0.031796,0.998559,-0.208668,-0.019253,0.022885,0.255721,-0.135345,-0.019125,-0.180575,-0.095923,-0.122377,0.240477,-0.135508,0.041881,-0.030211,-0.009927,-0.015919,0.383672,0.224624,-0.231180,0.708624,0.129767,0.000082,-0.000051,0.290576,-0.195381,0.178050,0.789663,-0.210418,0.000080,0.000057
0.004982,0.001006,0.779706,-0.003058,0.043121,0.031865,0.998557,-0.208706,-0.019336,0.022768,0.255682,-0.135339,-0.019050,-0.180586,-0.095998,-0.122489,0.240460,-0.135461,0.041957,-0.030271,-0.010031,-0.015843,0.383120,0.225081,-0.231410,0.708157,0.129844,0.000082,-0.000051,0.290723,-0.195304,0.178005,0.789567,-0.210393,0.000080,0.000057
0.004944,0.001042,0.779706,-0.003059,0.043121,0.031924,0.998555,-0.208749,-0.019435,0.022675,0.255650,-0.135342,-0.018992,-0.180606,-0.096092,-0.122584,0.240440,-0.135418,0.042030,-0.030329,-0.010119,-0.015755,0.382545,0.225384,-0.231512,0.707703,0.129813,0.000082,-0.000051,0.290843,-0.195219,0.177914,0.789437,-0.210376,0.000079,0.000057
0.004913,0.001078,0.779705,-0.003053,0.043121,0.031979,0.998553,-0.208785,-0.019545,0.022595,0.255623,-0.135364,-0.018908,-0.180621,-0.096194,-0.122666,0.240426,-0.135391,0.042063,-0.030382,-0.010188,-0.015661,0.381951,0.225575,-0.231480,0.707307,0.129775,0.000082,-0.000051,0.290926,-0.195127,0.177787,0.789273,-0.210374,0.000079,0.000057
0.004887,0.001116,0.779704,-0.003046,0.043124,0.032029,0.998552,-0.208822,-0.019658,0.022523,0.255601,-0.135391,-0.018852,-0.180639,-0.096303,-0.122737,0.240419,-0.135371,0.042126,-0.030435,-0.010237,-0.015557,0.381386,0.225585,-0.231331,0.707126,0.129641,0.000082,-0.000051,0.290967,-0.194944,0.177740,0.789116,-0.210360,0.000079,0.000057
0.004865,0.001159,0.779702,-0.003029,0.043120,0.032073,0.998550,-0.208842,-0.019793,0.022465,0.255584,-0.135412,-0.018766,-0.180641,-0.096433,-0.122791,0.240419,-0.135358,0.042193,-0.030490,-0.010251,-0.015454,0.380813,0.225496,-0.231076,0.707130,0.129585,0.000082,-0.000051,0.290969,-0.194734,0.177802,0.788936,-0.210405,0.000079,0.000057
0.004848,0.001212,0.779699,-0.003001,0.043119,0.032120,0.998549,-0.208866,-0.019966,0.022417,0.255589,-0.135455,-0.018660,-0.180636,-0.096601,-0.122827,0.240418,-0.135363,0.042304,-0.030537,-0.010218,-0.015347,0.380229,0.225243,-0.230779,0.707302,0.129513,0.000082,-0.000051,0.290930,-0.194537,0.177933,0.788788,-0.210533,0.000079,0.000057
0.004839,0.001264,0.779695,-0.002981,0.043114,0.032168,0.998548,-0.208877,-0.020126,0.022367,0.255609,-0.135517,-0.018537,-0.180616,-0.096757,-0.122884,0.240417,-0.135368,0.042403,-0.030573,-0.010159,-0.015243,0.379635,0.224909,-0.230414,0.707579,0.129486,0.000082,-0.000051,0.290876,-0.194301,0.178089,0.788678,-0.210718,0.000079,0.000057
0.004838,0.001301,0.779692,-0.002989,0.043124,0.032210,0.998546,-0.208900,-0.020204,0.022290,0.255623,-0.135592,-0.018464,-0.180617,-0.096828,-0.122947,0.240424,-0.135411,0.042466,-0.030598,-0.010121,-0.015126,0.379064,0.224515,-0.229969,0.707888,0.129429,0.000082,-0.000051,0.290773,-0.193905,0.178109,0.788625,-0.210854,0.000080,0.000057
0.004843,0.001350,0.779688,-0.002976,0.043134,0.032236,0.998545,-0.208925,-0.020331,0.022263,0.255666,-0.135704,-0.018361,-0.180617,-0.096948,-0.122957,0.240436,-0.135465,0.042559,-0.030623,-0.010046,-0.014997,0.378478,0.224020,-0.229573,0.708204,0.129427,0.000082,-0.000051,0.290625,-0.193478,0.177924,0.788629,-0.210952,0.000080,0.000057
0.004851,0.001386,0.779684,-0.002994,0.043153,0.032270,0.998543,-0.208956,-0.020380,0.022194,0.255692,-0.135834,-0.018286,-0.180634,-0.096991,-0.123006,0.240456,-0.135527,0.042649,-0.030635,-0.010002,-0.014849,0.377917,0.223572,-0.229198,0.708450,0.129495,0.000082,-0.000051,0.290445,-0.192714,0.177621,0.788614,-0.210799,0.000080,0.000057
0.004862,0.001422,0.779679,-0.003011,0.043177,0.032295,0.998541,-0.208994,-0.020425,0.022147,0.255723,-0.135961,-0.018206,-0.180657,-0.097034,-0.123053,0.240481,-0.135602,0.042708,-0.030643,-0.009964,-0.014679,0.377387,0.223116,-0.228854,0.708661,0.129590,0.000082,-0.000051,0.290246,-0.191682,0.177281,0.788566,-0.210379,0.000080,0.000057
0.004876,0.001453,0.779676,-0.003030,0.043210,0.032323,0.998538,-0.209043,-0.020458,0.022089,0.255752,-0.136087,-0.018175,-0.180695,-0.097065,-0.123094,0.240511,-0.135689,0.042789,-0.030643,-0.009940,-0.014481,0.376914,0.222671,-0.228525,0.708812,0.129705,0.000082,-0.000051,0.289991,-0.190665,0.177082,0.788502,-0.210123,0.000080,0.000057
0.004906,0.001483,0.779671,-0.003048,0.043251,0.032346,0.998536,-0.209094,-0.020491,0.022036,0.255790,-0.136221,-0.018127,-0.180734,-0.097097,-0.123132,0.240553,-0.135794,0.042867,-0.030644,-0.009925,-0.014250,0.376560,0.222055,-0.228066,0.708858,0.129636,0.000082,-0.000051,0.289657,-0.189761,0.177062,0.788451,-0.210140,0.000080,0.000057
0.004958,0.001511,0.779665,-0.003059,0.043298,0.032371,0.998533,-0.209130,-0.020532,0.021980,0.255844,-0.136396,-0.018082,-0.180757,-0.097134,-0.123159,0.240609,-0.135945,0.042930,-0.030643,-0.009912,-0.013993,0.376350,0.221214,-0.227695,0.708838,0.129479,0.000082,-0.000051,0.289282,-0.188932,0.177113,0.788390,-0.210280,0.000080,0.000058
0.005041,0.001542,0.779659,-0.003061,0.043336,0.032397,0.998530,-0.209111,-0.020593,0.021922,0.255922,-0.136623,-0.018056,-0.180727,-0.097192,-0.123176,0.240695,-0.136150,0.043034,-0.030640,-0.009892,-0.013736,0.376285,0.220217,-0.227425,0.708778,0.129301,0.000082,-0.000051,0.288890,-0.188163,0.177217,0.788362,-0.210487,0.000080,0.000058
0.005177,0.001575,0.779650,-0.003053,0.043346,0.032449,0.998528,-0.208977,-0.020691,0.021832,0.256046,-0.136959,-0.017995,-0.180565,-0.097287,-0.123229,0.240814,-0.136469,0.043158,-0.030607,-0.009859,-0.013536,0.376398,0.219096,-0.227245,0.708758,0.129119,0.000082,-0.000051,0.288538,-0.187486,0.177170,0.788384,-0.210759,0.000080,0.000058
0.005337,0.001605,0.779641,-0.003038,0.043365,0.032489,0.998526,-0.208835,-0.020795,0.021746,0.256190,-0.137326,-0.017962,-0.180394,-0.097391,-0.123273,0.240957,-0.136822,0.043290,-0.030581,-0.009810,-0.013363,0.376555,0.218090,-0.227153,0.708757,0.129173,0.000082,-0.000051,0.288189,-0.186872,0.177016,0.788541,-0.211092,0.000079,0.000058
0.005527,0.001634,0.779631,-0.003024,0.043388,0.032548,0.998523,-0.208670,-0.020904,0.021634,0.256358,-0.137729,-0.017890,-0.180194,-0.097494,-0.123345,0.241121,-0.137208,0.043372,-0.030540,-0.009755,-0.013226,0.376788,0.217113,-0.227053,0.708820,0.129263,0.000082,-0.000051,0.287861,-0.186245,0.176696,0.788775,-0.211359,0.000079,0.000058
0.005733,0.001661,0.779620,-0.003001,0.043421,0.032617,0.998520,-0.208506,-0.021035,0.021511,0.256539,-0.138160,-0.017809,-0.179998,-0.097620,-0.123432,0.241326,-0.137640,0.043460,-0.030492,-0.009680,-0.013113,0.377058,0.216236,-0.227024,0.708928,0.129504,0.000082,-0.000051,0.287526,-0.185610,0.176243,0.789172,-0.211580,0.000079,0.000058
0.005954,0.001686,0.779609,-0.002982,0.043460,0.032703,0.998515,-0.208347,-0.021168,0.021347,0.256741,-0.138598,-0.017755,-0.179814,-0.097748,-0.123545,0.241584,-0.138083,0.043553,-0.030430,-0.009595,-0.013020,0.377372,0.215379,-0.226900,0.709063,0.129745,0.000082,-0.000051,0.287219,-0.184969,0.175685,0.789649,-0.211765,0.000079,0.000057
0.006179,0.001711,0.779597,-0.002963,0.043506,0.032779,0.998511,-0.208202,-0.021290,0.021208,0.256941,-0.139001,-0.017692,-0.179658,-0.097868,-0.123632,0.241890,-0.138535,0.043604,-0.030396,-0.009499,-0.012936,0.377704,0.214533,-0.226737,0.709221,0.129945,0.000082,-0.000051,0.286906,-0.184357,0.175119,0.790174,-0.211899,0.000079,0.000057
0.006416,0.001732,0.779584,-0.002940,0.043549,0.032869,0.998506,-0.208045,-0.021424,0.021048,0.257158,-0.139416,-0.017619,-0.179493,-0.098002,-0.123742,0.242243,-0.139038,0.043676,-0.030378,-0.009389,-0.012871,0.378073,0.213752,-0.226523,0.709376,0.130130,0.000082,-0.000051,0.286596,-0.183812,0.174605,0.790747,-0.212072,0.000079,0.000057
0.006666,0.001754,0.779571,-0.002915,0.043601,0.032992,0.998500,-0.207902,-0.021587,0.020829,0.257385,-0.139840,-0.017544,-0.179323,-0.098164,-0.123903,0.242625,-0.139576,0.043758,-0.030377,-0.009266,-0.012817,0.378417,0.213052,-0.226307,0.709531,0.130301,0.000082,-0.000051,0.286318,-0.183373,0.174128,0.791214,-0.212268,0.000079,0.000057
0.006916,0.001775,0.779559,-0.002891,0.043661,0.033144,0.998492,-0.207785,-0.021766,0.020552,0.257604,-0.140237,-0.017478,-0.179157,-0.098339,-0.124116,0.243020,-0.140118,0.043854,-0.030406,-0.009135,-0.012766,0.378742,0.212424,-0.226096,0.709660,0.130443,0.000082,-0.000051,0.286087,-0.183049,0.173722,0.791480,-0.212497,0.000079,0.000057
0.007158,0.001792,0.779546,-0.002870,0.043727,0.033317,0.998484,-0.207695,-0.021951,0.020241,0.257827,-0.140607,-0.017424,-0.179007,-0.098524,-0.124370,0.243420,-0.140656,0.043950,-0.030469,-0.009004,-0.012707,0.379051,0.211891,-0.225918,0.709760,0.130540,0.000082,-0.000051,0.285897,-0.182776,0.173282,0.791506,-0.212659,0.000079,0.000057
0.007396,0.001810,0.779534,-0.002845,0.043793,0.033502,0.998475,-0.207617,-0.022153,0.019903,0.258041,-0.140944,-0.017364,-0.178845,-0.098721,-0.124644,0.243796,-0.141187,0.044031,-0.030575,-0.008865,-0.012646,0.379305,0.211462,-0.225727,0.709883,0.130649,0.000082,-0.000051,0.285787,-0.182558,0.172797,0.791338,-0.212747,0.000079,0.000057
0.007636,0.001830,0.779523,-0.002820,0.043848,0.033718,0.998465,-0.207519,-0.022378,0.019519,0.258254,-0.141247,-0.017286,-0.178640,-0.098940,-0.124982,0.244145,-0.141686,0.044122,-0.030687,-0.008712,-0.012603,0.379503,0.211148,-0.225638,0.710074,0.130807,0.000082,-0.000051,0.285790,-0.182423,0.172299,0.791044,-0.212835,0.000079,0.000057
0.007879,0.001848,0.779512,-0.002809,0.043906,0.033945,0.998455,-0.207436,-0.022584,0.019097,0.258473,-0.141525,-0.017229,-0.178408,-0.099137,-0.125363,0.244450,-0.142179,0.044196,-0.030838,-0.008574,-0.012573,0.379636,0.210947,-0.225567,0.710346,0.130984,0.000082,-0.000051,0.285830,-0.182315,0.171795,0.790649,-0.212894,0.000079,0.000057
0.008120,0.001871,0.779502,-0.002795,0.043956,0.034196,0.998444,-0.207340,-0.022812,0.018651,0.258687,-0.141779,-0.017161,-0.178146,-0.099359,-0.125792,0.244732,-0.142665,0.044292,-0.030986,-0.008431,-0.012568,0.379652,0.210824,-0.225560,0.710648,0.131221,0.000082,-0.000051,0.285974,-0.182304,0.171280,0.790231,-0.213001,0.000079,0.000057
0.008354,0.001893,0.779493,-0.002778,0.044030,0.034462,0.998432,-0.207298,-0.023062,0.018180,0.258895,-0.142000,-0.017097,-0.177930,-0.099599,-0.126243,0.244985,-0.143118,0.044373,-0.031114,-0.008280,-0.012547,0.379496,0.210750,-0.225583,0.710877,0.131451,0.000082,-0.000051,0.286108,-0.182291,0.170678,0.789872,-0.213026,0.000079,0.000057
0.008574,0.001913,0.779486,-0.002757,0.044110,0.034702,0.998420,-0.207278,-0.023298,0.017753,0.259100,-0.142180,-0.017066,-0.177748,-0.099827,-0.126651,0.245210,-0.143511,0.044461,-0.031229,-0.008122,-0.012510,0.379211,0.210664,-0.225609,0.710998,0.131597,0.000082,-0.000051,0.286212,-0.182287,0.170103,0.789622,-0.213016,0.000079,0.000057
0.008787,0.001933,0.779480,-0.002729,0.044189,0.034943,0.998408,-0.207259,-0.023549,0.017331,0.259296,-0.142350,-0.017032,-0.177576,-0.100071,-0.127055,0.245410,-0.143878,0.044553,-0.031288,-0.007948,-0.012461,0.378834,0.210550,-0.225639,0.711026,0.131664,0.000082,-0.000051,0.286247,-0.182338,0.169525,0.789472,-0.212990,0.000079,0.000057
0.008989,0.001949,0.779474,-0.002689,0.044285,0.035151,0.998397,-0.207273,-0.023799,0.016982,0.259484,-0.142522,-0.016985,-0.177458,-0.100317,-0.127411,0.245577,-0.144219,0.044615,-0.031291,-0.007748,-0.012372,0.378362,0.210488,-0.225683,0.710980,0.131802,0.000082,-0.000051,0.286139,-0.182441,0.169022,0.789436,-0.212930,0.000079,0.000057
0.009179,0.001963,0.779470,-0.002642,0.044376,0.035322,0.998387,-0.207285,-0.024034,0.016700,0.259658,-0.142646,-0.016975,-0.177355,-0.100545,-0.127689,0.245730,-0.144542,0.044676,-0.031256,-0.007520,-0.012255,0.377851,0.210498,-0.225500,0.710915,0.131968,0.000082,-0.000051,0.285855,-0.182641,0.168672,0.789446,-0.212881,0.000079,0.000057
0.009356,0.001972,0.779467,-0.002591,0.044470,0.035453,0.998378,-0.207310,-0.024238,0.016501,0.259814,-0.142745,-0.017001,-0.177292,-0.100755,-0.127897,0.245870,-0.144816,0.044743,-0.031187,-0.007262,-0.012097,0.377340,0.210498,-0.225000,0.710794,0.131995,0.000082,-0.000050,0.285396,-0.183017,0.168534,0.789429,-0.212903,0.000079,0.000057
0.009521,0.001977,0.779464,-0.002537,0.044554,0.035567,0.998370,-0.207321,-0.024429,0.016334,0.259959,-0.142835,-0.017023,-0.177228,-0.100951,-0.128079,0.245993,-0.145088,0.044785,-0.031072,-0.006979,-0.011914,0.376850,0.210532,-0.224397,0.710617,0.131989,0.000082,-0.000050,0.284858,-0.183605,0.168649,0.789340,-0.213030,0.000079,0.000057
0.009676,0.001980,0.779463,-0.002483,0.044637,0.035667,0.998363,-0.207336,-0.024608,0.016191,0.260086,-0.142921,-0.017051,-0.177183,-0.101132,-0.128230,0.246124,-0.145339,0.044800,-0.030919,-0.006668,-0.011699,0.376368,0.210584,-0.223898,0.710319,0.131967,0.000082,-0.000049,0.284291,-0.184374,0.169011,0.789151,-0.213185,0.000079,0.000057
0.009822,0.001975,0.779461,-0.002443,0.044717,0.035761,0.998356,-0.207343,-0.024745,0.016048,0.260191,-0.143030,-0.017075,-0.177149,-0.101272,-0.128376,0.246247,-0.145586,0.044808,-0.030720,-0.006353,-0.011454,0.375967,0.210654,-0.223591,0.710037,0.131941,0.000082,-0.000049,0.283696,-0.185248,0.169553,0.788823,-0.213268,0.000079,0.000057
0.009951,0.001966,0.779459,-0.002411,0.044803,0.035826,0.998350,-0.207369,-0.024840,0.015950,0.260278,-0.143150,-0.017109,-0.177159,-0.101371,-0.128483,0.246364,-0.145828,0.044811,-0.030497,-0.006041,-0.011161,0.375603,0.210829,-0.223433,0.709621,0.132041,0.000082,-0.000049,0.283074,-0.186156,0.170223,0.788383,-0.213208,0.000079,0.000057
0.010042,0.001953,0.779458,-0.002384,0.044930,0.035857,0.998344,-0.207524,-0.024895,0.015911,0.260347,-0.143232,-0.017194,-0.177311,-0.101433,-0.128527,0.246457,-0.145991,0.044797,-0.030271,-0.005724,-0.010745,0.375250,0.210983,-0.223451,0.709120,0.132114,0.000082,-0.000049,0.282337,-0.187100,0.170941,0.787741,-0.213059,0.000079,0.000057
0.010135,0.001932,0.779456,-0.002367,0.045023,0.035883,0.998338,-0.207604,-0.024915,0.015859,0.260415,-0.143361,-0.017319,-0.177406,-0.101458,-0.128562,0.246571,-0.146184,0.044767,-0.030021,-0.005420,-0.010288,0.375026,0.211175,-0.223534,0.708567,0.132236,0.000082,-0.000049,0.281676,-0.187959,0.171659,0.787015,-0.212815,0.000079,0.000057
0.010220,0.001906,0.779454,-0.002358,0.045103,0.035885,0.998335,-0.207667,-0.024892,0.015849,0.260487,-0.143502,-0.017453,-0.177489,-0.101445,-0.128570,0.246681,-0.146373,0.044706,-0.029775,-0.005135,-0.009785,0.374936,0.211348,-0.223657,0.708001,0.132364,0.000082,-0.000050,0.281017,-0.188710,0.172333,0.786190,-0.212426,0.000079,0.000057
0.010286,0.001877,0.779454,-0.002343,0.045189,0.035835,0.998333,-0.207765,-0.024841,0.015937,0.260550,-0.143625,-0.017552,-0.177611,-0.101404,-0.128486,0.246762,-0.146523,0.044643,-0.029586,-0.004851,-0.009214,0.374969,0.211480,-0.223692,0.707463,0.132482,0.000082,-0.000050,0.280302,-0.189370,0.172926,0.785333,-0.211918,0.000079,0.000057
0.010355,0.001834,0.779454,-0.002336,0.045254,0.035746,0.998333,-0.207817,-0.024724,0.016082,0.260615,-0.143758,-0.017696,-0.177704,-0.101297,-0.128327,0.246840,-0.146695,0.044571,-0.029470,-0.004590,-0.008612,0.375162,0.211557,-0.223615,0.706981,0.132538,0.000082,-0.000050,0.279501,-0.190003,0.173601,0.784523,-0.211417,0.000079,0.000057
0.010430,0.001772,0.779453,-0.002347,0.045307,0.035618,0.998335,-0.207831,-0.024514,0.016268,0.260682,-0.143912,-0.017884,-0.177777,-0.101099,-0.128118,0.246925,-0.146893,0.044479,-0.029436,-0.004382,-0.007987,0.375470,0.211597,-0.223368,0.706615,0.132516,0.000082,-0.000050,0.278575,-0.190685,0.174515,0.783795,-0.211043,0.000079,0.000058
0.010538,0.001650,0.779454,-0.002431,0.045335,0.035508,0.998338,-0.207714,-0.024081,0.016352,0.260699,-0.144099,-0.018183,-0.177814,-0.100679,-0.128004,0.247107,-0.147203,0.044284,-0.029395,-0.004360,-0.007389,0.375890,0.211892,-0.223022,0.706361,0.132614,0.000082,-0.000050,0.277532,-0.191335,0.175683,0.783245,-0.210857,0.000079,0.000058
0.010670,0.001499,0.779454,-0.002507,0.045329,0.035375,0.998342,-0.207478,-0.023587,0.016472,0.260699,-0.144331,-0.018534,-0.177774,-0.100201,-0.127854,0.247319,-0.147583,0.044011,-0.029354,-0.004467,-0.006857,0.376442,0.212205,-0.222520,0.706230,0.132689,0.000082,-0.000050,0.276561,-0.192105,0.177045,0.782830,-0.210901,0.000079,0.000058
0.010828,0.001327,0.779455,-0.002562,0.045334,0.035228,0.998347,-0.207211,-0.023088,0.016612,0.260668,-0.144592,-0.018929,-0.177723,-0.099720,-0.127683,0.247544,-0.148025,0.043702,-0.029322,-0.004673,-0.006371,0.377030,0.212527,-0.221911,0.706179,0.132850,0.000082,-0.000050,0.275715,-0.192965,0.178215,0.782355,-0.211008,0.000079,0.000058
0.011015,0.001142,0.779454,-0.002602,0.045337,0.035100,0.998352,-0.206888,-0.022608,0.016722,0.260603,-0.144879,-0.019332,-0.177620,-0.099253,-0.127539,0.247788,-0.148541,0.043363,-0.029297,-0.004961,-0.005954,0.377636,0.212801,-0.221141,0.706205,0.133063,0.000082,-0.000050,0.275052,-0.193934,0.178861,0.781766,-0.211101,0.000079,0.000058
0.011232,0.000949,0.779452,-0.002613,0.045353,0.035039,0.998353,-0.206556,-0.022214,0.016733,0.260533,-0.145187,-0.019727,-0.177474,-0.098872,-0.127506,0.248052,-0.149131,0.043052,-0.029240,-0.005291,-0.005599,0.378251,0.212997,-0.220314,0.706289,0.133401,0.000082,-0.000050,0.274618,-0.194737,0.178898,0.781043,-0.210737,0.000079,0.000058
0.011468,0.000760,0.779450,-0.002584,0.045404,0.034964,0.998353,-0.206271,-0.021894,0.016783,0.260441,-0.145501,-0.020128,-0.177365,-0.098566,-0.127418,0.248324,-0.149750,0.042769,-0.029255,-0.005609,-0.005263,0.378899,0.212997,-0.219383,0.706454,0.133728,0.000082,-0.000050,0.274374,-0.195389,0.178798,0.780259,-0.210173,0.000079,0.000057
0.011737,0.000563,0.779446,-0.002539,0.045467,0.034968,0.998350,-0.205990,-0.021644,0.016708,0.260383,-0.145872,-0.020521,-0.177214,-0.098331,-0.127450,0.248644,-0.150445,0.042499,-0.029293,-0.005920,-0.004964,0.379638,0.212811,-0.218409,0.706676,0.134061,0.000082,-0.000051,0.274356,-0.195973,0.178666,0.779399,-0.209447,0.000079,0.000057
0.012047,0.000350,0.779440,-0.002517,0.045527,0.035026,0.998346,-0.205669,-0.021363,0.016490,0.260340,-0.146280,-0.020962,-0.177012,-0.098055,-0.127592,0.249050,-0.151250,0.042177,-0.029370,-0.006272,-0.004719,0.380511,0.212502,-0.217203,0.706835,0.134363,0.000082,-0.000051,0.274513,-0.196625,0.178906,0.778574,-0.208845,0.000079,0.000058
0.012389,0.000132,0.779430,-0.002484,0.045580,0.035127,0.998340,-0.205315,-0.021125,0.016186,0.260368,-0.146775,-0.021424,-0.176772,-0.097821,-0.127804,0.249546,-0.152153,0.041873,-0.029465,-0.006642,-0.004534,0.381514,0.211948,-0.215711,0.706873,0.134533,0.000082,-0.000051,0.274848,-0.197509,0.179558,0.777885,-0.208400,0.000079,0.000058
0.012754,-0.000100,0.779416,-0.002466,0.045652,0.035252,0.998332,-0.204997,-0.020862,0.015799,0.260491,-0.147355,-0.021918,-0.176587,-0.097556,-0.128045,0.250168,-0.153142,0.041565,-0.029562,-0.007065,-0.004364,0.382596,0.211204,-0.213970,0.706710,0.134513,0.000082,-0.000051,0.275133,-0.198797,0.180871,0.777356,-0.208043,0.000079,0.000058
0.013151,-0.000331,0.779399,-0.002419,0.045733,0.035425,0.998322,-0.204679,-0.020689,0.015337,0.260714,-0.148030,-0.022412,-0.176419,-0.097383,-0.128342,0.250909,-0.154222,0.041253,-0.029570,-0.007492,-0.004209,0.383752,0.210320,-0.212167,0.706340,0.134377,0.000082,-0.000051,0.275511,-0.200624,0.182184,0.776600,-0.208263,0.000079,0.000058
0.013571,-0.000565,0.779379,-0.002328,0.045816,0.035583,0.998313,-0.204336,-0.020596,0.014909,0.261004,-0.148803,-0.022893,-0.176300,-0.097294,-0.128583,0.251787,-0.155368,0.040954,-0.029476,-0.007880,-0.004062,0.384994,0.209264,-0.210479,0.705861,0.134109,0.000082,-0.000051,0.276017,-0.202434,0.183160,0.775468,-0.208294,0.000079,0.000058
0.014006,-0.000804,0.779356,-0.002218,0.045886,0.035763,0.998304,-0.203968,-0.020546,0.014451,0.261361,-0.149642,-0.023395,-0.176199,-0.097246,-0.128822,0.252812,-0.156586,0.040654,-0.029235,-0.008237,-0.003933,0.386296,0.208247,-0.208919,0.705198,0.133972,0.000082,-0.000051,0.276439,-0.203905,0.183827,0.774163,-0.207734,0.000079,0.000058
0.014465,-0.001046,0.779330,-0.002106,0.045938,0.035912,0.998296,-0.203546,-0.020474,0.014049,0.261773,-0.150545,-0.023867,-0.176102,-0.097187,-0.129006,0.253983,-0.157891,0.040364,-0.028896,-0.008573,-0.003842,0.387771,0.207261,-0.207413,0.704448,0.134018,0.000082,-0.000051,0.276599,-0.205198,0.184588,0.773010,-0.206833,0.000079,0.000059
0.014946,-0.001295,0.779296,-0.002028,0.045969,0.036012,0.998291,-0.203059,-0.020294,0.013706,0.262258,-0.151560,-0.024337,-0.176079,-0.097021,-0.129077,0.255445,-0.159340,0.040032,-0.028476,-0.008950,-0.003788,0.389403,0.206237,-0.205736,0.703632,0.134089,0.000082,-0.000051,0.276363,-0.206488,0.185737,0.772369,-0.205648,0.000079,0.000059
0.015453,-0.001533,0.779254,-0.001933,0.045948,0.036069,0.998291,-0.202489,-0.020133,0.013451,0.262926,-0.152727,-0.024827,-0.176040,-0.096887,-0.129022,0.257161,-0.160953,0.039724,-0.027977,-0.009339,-0.003818,0.391289,0.205040,-0.203883,0.702797,0.134107,0.000082,-0.000051,0.275948,-0.208157,0.187006,0.771668,-0.204895,0.000079,0.000059
0.015972,-0.001779,0.779201,-0.001857,0.045986,0.036075,0.998289,-0.202100,-0.019897,0.013258,0.263815,-0.154050,-0.025303,-0.176273,-0.096686,-0.128820,0.259256,-0.162763,0.039443,-0.027457,-0.009787,-0.003779,0.393240,0.203760,-0.201545,0.701797,0.134184,0.000082,-0.000051,0.275215,-0.210011,0.188290,0.770520,-0.204740,0.000079,0.000059
0.016510,-0.002027,0.779138,-0.001745,0.045986,0.036083,0.998289,-0.201750,-0.019726,0.013077,0.265008,-0.155554,-0.025769,-0.176492,-0.096543,-0.128542,0.261597,-0.164731,0.039153,-0.026946,-0.010243,-0.003739,0.395393,0.202282,-0.198944,0.700701,0.134295,0.000082,-0.000050,0.274487,-0.211834,0.189652,0.769268,-0.204504,0.000079,0.000059
0.017070,-0.002252,0.779064,-0.001568,0.045902,0.036108,0.998292,-0.201354,-0.019726,0.012879,0.266659,-0.157348,-0.026268,-0.176601,-0.096564,-0.128192,0.264110,-0.166798,0.038912,-0.026290,-0.010623,-0.003765,0.397845,0.200571,-0.196291,0.699501,0.134465,0.000082,-0.000050,0.273857,-0.213672,0.191011,0.767832,-0.203817,0.000079,0.000059
0.017643,-0.002465,0.778979,-0.001361,0.045830,0.036051,0.998298,-0.201122,-0.019759,0.012789,0.268760,-0.159414,-0.026792,-0.176780,-0.096607,-0.127658,0.266734,-0.168906,0.038647,-0.025523,-0.010896,-0.003754,0.400426,0.198678,-0.193490,0.698077,0.134769,0.000082,-0.000050,0.272970,-0.215628,0.192417,0.766537,-0.203081,0.000079,0.000060
0.018237,-0.002678,0.778874,-0.001172,0.045752,0.035911,0.998306,-0.201022,-0.019725,0.012755,0.271431,-0.161877,-0.027343,-0.177192,-0.096573,-0.126903,0.269871,-0.171225,0.038366,-0.024533,-0.011097,-0.003631,0.403263,0.196586,-0.190487,0.696425,0.135127,0.000082,-0.000050,0.272261,-0.217476,0.193483,0.765038,-0.202069,0.000079,0.000059
0.018815,-0.002869,0.778749,-0.000987,0.045575,0.035630,0.998325,-0.200987,-0.019629,0.012909,0.274770,-0.164727,-0.027901,-0.177681,-0.096474,-0.125816,0.273473,-0.173743,0.038138,-0.023338,-0.011202,-0.003455,0.406588,0.194129,-0.187124,0.694507,0.135367,0.000082,-0.000050,0.271639,-0.219506,0.194583,0.763131,-0.201353,0.000079,0.000059
0.019389,-0.003024,0.778602,-0.000818,0.045384,0.035224,0.998348,-0.201284,-0.019472,0.013226,0.279045,-0.168097,-0.028580,-0.178360,-0.096315,-0.124450,0.277462,-0.176419,0.037937,-0.021893,-0.011190,-0.003123,0.410211,0.191028,-0.183254,0.692255,0.135273,0.000082,-0.000050,0.271002,-0.221876,0.196252,0.761337,-0.200872,0.000079,0.000059
0.019985,-0.003121,0.778433,-0.000643,0.045150,0.034621,0.998380,-0.201927,-0.019255,0.013870,0.284524,-0.172119,-0.029320,-0.179087,-0.096095,-0.122672,0.281663,-0.179174,0.037785,-0.020203,-0.010977,-0.002620,0.414194,0.187251,-0.178948,0.689439,0.134697,0.000082,-0.000050,0.270298,-0.224466,0.198109,0.759586,-0.199984,0.000079,0.000059
0.020593,-0.003159,0.778264,-0.000470,0.044877,0.033886,0.998418,-0.202665,-0.019026,0.014671,0.290554,-0.176420,-0.030117,-0.179670,-0.095828,-0.120662,0.285619,-0.181699,0.037625,-0.018141,-0.010479,-0.001983,0.418467,0.182981,-0.174470,0.685944,0.133915,0.000082,-0.000050,0.269746,-0.227419,0.200039,0.757776,-0.199314,0.000079,0.000059
0.021239,-0.003157,0.778124,-0.000352,0.044570,0.033023,0.998460,-0.202850,-0.018691,0.015652,0.295689,-0.180313,-0.030865,-0.179945,-0.095413,-0.118479,0.288950,-0.183808,0.037459,-0.015646,-0.009796,-0.001389,0.423004,0.178578,-0.169732,0.682106,0.133101,0.000082,-0.000050,0.269365,-0.230336,0.202222,0.756343,-0.198430,0.000079,0.000059
0.021915,-0.003137,0.778013,-0.000253,0.044269,0.032039,0.998506,-0.202583,-0.018252,0.016961,0.299824,-0.183647,-0.031522,-0.179951,-0.094900,-0.116171,0.291582,-0.185489,0.037244,-0.012840,-0.008978,-0.000915,0.427645,0.174015,-0.164813,0.678416,0.131934,0.000082,-0.000049,0.268490,-0.233487,0.204743,0.755553,-0.197616,0.000079,0.000059
0.022609,-0.003049,0.777917,-0.000051,0.044062,0.030924,0.998550,-0.202147,-0.018010,0.018726,0.303282,-0.186635,-0.031993,-0.180012,-0.094611,-0.113604,0.293761,-0.186840,0.037141,-0.009703,-0.007862,-0.000495,0.432003,0.169326,-0.160565,0.675236,0.130792,0.000082,-0.000049,0.267171,-0.237037,0.207038,0.755279,-0.196625,0.000079,0.000058
0.023323,-0.002875,0.777837,0.000175,0.043942,0.029587,0.998596,-0.201512,-0.017805,0.020999,0.306038,-0.189337,-0.032266,-0.180113,-0.094375,-0.110668,0.295422,-0.187830,0.037117,-0.006300,-0.006460,-0.000147,0.436035,0.164767,-0.157329,0.672707,0.130129,0.000082,-0.000048,0.265743,-0.240965,0.209787,0.755152,-0.195832,0.000079,0.000058
0.024062,-0.002643,0.777768,0.000357,0.043848,0.028012,0.998645,-0.200609,-0.017427,0.023784,0.308200,-0.191792,-0.032399,-0.180134,-0.093986,-0.107359,0.296645,-0.188566,0.037157,-0.002760,-0.004865,0.000044,0.440060,0.160393,-0.154870,0.670932,0.129714,0.000082,-0.000048,0.264122,-0.244992,0.213556,0.755433,-0.195407,0.000079,0.000059
0.024806,-0.002395,0.777704,0.000413,0.043812,0.026213,0.998696,-0.199578,-0.016666,0.027008,0.309862,-0.194061,-0.032465,-0.180284,-0.093234,-0.103696,0.297751,-0.189177,0.037206,0.000728,-0.003279,0.000140,0.444275,0.156264,-0.152652,0.669774,0.129211,0.000082,-0.000048,0.261746,-0.249047,0.218481,0.756128,-0.195293,0.000079,0.000059
0.025518,-0.002159,0.777639,0.000312,0.043860,0.024347,0.998741,-0.198637,-0.015526,0.030303,0.311188,-0.196149,-0.032559,-0.180645,-0.092099,-0.099958,0.298878,-0.189797,0.037208,0.004068,-0.001888,0.000247,0.448784,0.152494,-0.150474,0.669282,0.128583,0.000082,-0.000048,0.258814,-0.253124,0.223366,0.756463,-0.195547,0.000079,0.000059
0.026252,-0.001979,0.777574,0.000057,0.043850,0.022497,0.998785,-0.197357,-0.014017,0.033494,0.312039,-0.198060,-0.032668,-0.180924,-0.090589,-0.096305,0.300222,-0.190616,0.037127,0.007197,-0.000915,0.000226,0.453781,0.149675,-0.148538,0.669523,0.128290,0.000082,-0.000048,0.255385,-0.256660,0.228327,0.756954,-0.195875,0.000079,0.000060
0.026991,-0.001848,0.777516,-0.000306,0.043928,0.020708,0.998820,-0.196119,-0.012284,0.036552,0.312477,-0.199668,-0.032867,-0.181274,-0.088862,-0.092846,0.301555,-0.191597,0.036986,0.009959,-0.000505,0.000229,0.459009,0.147922,-0.147075,0.669718,0.128557,0.000082,-0.000048,0.251550,-0.259376,0.233106,0.757334,-0.195837,0.000079,0.000060
0.027733,-0.001745,0.777464,-0.000564,0.044004,0.019193,0.998847,-0.194979,-0.010851,0.039195,0.312849,-0.201127,-0.033072,-0.181371,-0.087431,-0.089885,0.302680,-0.192625,0.036897,0.012379,-0.000363,0.000160,0.464897,0.146926,-0.146787,0.669688,0.129354,0.000082,-0.000048,0.247635,-0.261908,0.237261,0.757540,-0.195945,0.000079,0.000060
0.028471,-0.001649,0.777407,-0.000836,0.044113,0.017879,0.998866,-0.194200,-0.009506,0.041410,0.313585,-0.202614,-0.033369,-0.181293,-0.086083,-0.087374,0.303619,-0.193681,0.036781,0.014230,-0.000485,0.000069,0.470972,0.146566,-0.146758,0.669058,0.130215,0.000082,-0.000048,0.243979,-0.264046,0.240261,0.756880,-0.195982,0.000079,0.000061
0.029207,-0.001573,0.777348,-0.001201,0.044177,0.016759,0.998882,-0.193510,-0.008075,0.043205,0.314502,-0.204087,-0.033636,-0.181044,-0.084642,-0.085266,0.304644,-0.194849,0.036749,0.015362,-0.001009,-0.000106,0.477269,0.146753,-0.146471,0.667819,0.130793,0.000082,-0.000049,0.240639,-0.265811,0.242386,0.755495,-0.196138,0.000079,0.000061
0.029945,-0.001507,0.777282,-0.001533,0.044259,0.015926,0.998892,-0.193014,-0.006884,0.044496,0.315692,-0.205646,-0.033921,-0.180768,-0.083434,-0.083643,0.305777,-0.196103,0.036716,0.015949,-0.001826,-0.000297,0.483707,0.147501,-0.145977,0.666226,0.131296,0.000082,-0.000049,0.237688,-0.267368,0.243679,0.753705,-0.196449,0.000079,0.000060
0.030698,-0.001447,0.777212,-0.001755,0.044406,0.015364,0.998894,-0.192790,-0.006083,0.045339,0.317226,-0.207326,-0.034196,-0.180551,-0.082609,-0.082458,0.306958,-0.197429,0.036711,0.016194,-0.002778,-0.000407,0.489900,0.148724,-0.145428,0.664437,0.132014,0.000082,-0.000049,0.234941,-0.268489,0.243486,0.751559,-0.196194,0.000079,0.000060
0.031445,-0.001392,0.777143,-0.001843,0.044567,0.014986,0.998892,-0.192664,-0.005669,0.045910,0.318854,-0.208989,-0.034440,-0.180321,-0.082175,-0.081576,0.308115,-0.198713,0.036694,0.016229,-0.003720,-0.000462,0.495575,0.149859,-0.145231,0.662280,0.132169,0.000082,-0.000050,0.232893,-0.269093,0.241208,0.749859,-0.194723,0.000079,0.000059
0.032181,-0.001346,0.777078,-0.001859,0.044648,0.014729,0.998892,-0.192404,-0.005472,0.046276,0.320486,-0.210623,-0.034681,-0.179914,-0.081960,-0.080933,0.309264,-0.199995,0.036701,0.016114,-0.004604,-0.000579,0.500532,0.151901,-0.145162,0.660233,0.132409,0.000082,-0.000051,0.231207,-0.269445,0.238328,0.748756,-0.192990,0.000079,0.000059
0.032892,-0.001320,0.777021,-0.001837,0.044687,0.014664,0.998892,-0.192035,-0.005470,0.046316,0.321879,-0.212012,-0.034847,-0.179351,-0.081920,-0.080646,0.310296,-0.201220,0.036644,0.015971,-0.005427,-0.000799,0.504735,0.154773,-0.143976,0.658696,0.132732,0.000082,-0.000051,0.230073,-0.269289,0.235082,0.748375,-0.190962,0.000079,0.000058
0.033602,-0.001305,0.776972,-0.001747,0.044655,0.014724,0.998892,-0.191422,-0.005685,0.046182,0.323004,-0.213192,-0.034924,-0.178577,-0.082094,-0.080588,0.311173,-0.202346,0.036631,0.015903,-0.006135,-0.001245,0.508395,0.157728,-0.141904,0.657799,0.132852,0.000082,-0.000051,0.229518,-0.269313,0.232261,0.748763,-0.189997,0.000079,0.000058
0.034302,-0.001295,0.776927,-0.001618,0.044707,0.014851,0.998888,-0.190913,-0.006027,0.045943,0.323948,-0.214254,-0.034969,-0.177891,-0.082397,-0.080668,0.311880,-0.203457,0.036663,0.015950,-0.006702,-0.001767,0.511190,0.160604,-0.139540,0.657603,0.133197,0.000082,-0.000050,0.228939,-0.269850,0.230276,0.749834,-0.190517,0.000079,0.000058
0.034963,-0.001282,0.776891,-0.001449,0.044858,0.014966,0.998880,-0.190550,-0.006446,0.045772,0.324691,-0.215204,-0.035003,-0.177389,-0.082788,-0.080765,0.312378,-0.204440,0.036699,0.016128,-0.007075,-0.002264,0.513143,0.163088,-0.137204,0.658000,0.133468,0.000082,-0.000049,0.228166,-0.270680,0.228533,0.751378,-0.191656,0.000079,0.000058
0.035581,-0.001263,0.776867,-0.001265,0.045053,0.015033,0.998871,-0.190256,-0.006871,0.045731,0.325210,-0.215960,-0.034953,-0.176950,-0.083190,-0.080792,0.312651,-0.205212,0.036758,0.016355,-0.007248,-0.002736,0.514359,0.165353,-0.135334,0.658853,0.133876,0.000082,-0.000049,0.227322,-0.271328,0.226776,0.753423,-0.192524,0.000079,0.000058
0.036193,-0.001243,0.776848,-0.001106,0.045273,0.015060,0.998861,-0.189953,-0.007216,0.045798,0.325491,-0.216587,-0.034850,-0.176446,-0.083531,-0.080823,0.312675,-0.205941,0.036814,0.016503,-0.007264,-0.003209,0.515021,0.167428,-0.133964,0.660331,0.134097,0.000082,-0.000049,0.226641,-0.271575,0.225078,0.755597,-0.192939,0.000079,0.000058
0.036825,-0.001221,0.776848,-0.001005,0.045539,0.015163,0.998847,-0.189639,-0.007481,0.045755,0.325416,-0.216983,-0.034766,-0.175718,-0.083816,-0.081137,0.312214,-0.206562,0.036867,0.016479,-0.007192,-0.003705,0.515340,0.169372,-0.132495,0.662427,0.134184,0.000082,-0.000049,0.226334,-0.271503,0.223376,0.757490,-0.193067,0.000079,0.000057
0.037471,-0.001194,0.776855,-0.000926,0.045834,0.015336,0.998831,-0.189287,-0.007750,0.045615,0.325064,-0.217225,-0.034629,-0.174849,-0.084116,-0.081641,0.311450,-0.207107,0.036960,0.016230,-0.007030,-0.004237,0.515391,0.171155,-0.130918,0.664680,0.134218,0.000082,-0.000049,0.226482,-0.271362,0.221948,0.759363,-0.193373,0.000079,0.000057
0.038132,-0.001162,0.776870,-0.000831,0.046190,0.015552,0.998811,-0.188929,-0.008088,0.045455,0.324445,-0.217390,-0.034481,-0.173941,-0.084503,-0.082273,0.310405,-0.207593,0.037041,0.015752,-0.006760,-0.004779,0.514791,0.172894,-0.129385,0.665933,0.134398,0.000082,-0.000049,0.226799,-0.271119,0.221030,0.761154,-0.193691,0.000079,0.000057
0.038770,-0.001129,0.776882,-0.000726,0.046602,0.015833,0.998788,-0.188664,-0.008500,0.045196,0.323726,-0.217535,-0.034284,-0.173188,-0.084973,-0.083026,0.309389,-0.208091,0.037167,0.015141,-0.006389,-0.005257,0.513684,0.174729,-0.128493,0.666500,0.134891,0.000083,-0.000049,0.227316,-0.270733,0.220344,0.762333,-0.193556,0.000079,0.000058
0.039368,-0.001085,0.776901,-0.000604,0.047078,0.016153,0.998760,-0.188510,-0.008991,0.044892,0.322855,-0.217581,-0.034141,-0.172525,-0.085529,-0.083873,0.308123,-0.208450,0.037326,0.014484,-0.005900,-0.005639,0.512381,0.176136,-0.127826,0.666751,0.134795,0.000083,-0.000049,0.228094,-0.270349,0.219954,0.762582,-0.192849,0.000079,0.000058
0.039916,-0.001038,0.776921,-0.000497,0.047570,0.016520,0.998731,-0.188472,-0.009492,0.044501,0.321990,-0.217578,-0.033993,-0.171924,-0.086091,-0.084810,0.306742,-0.208700,0.037461,0.013834,-0.005336,-0.005916,0.511047,0.177155,-0.126937,0.666751,0.133975,0.000083,-0.000050,0.229150,-0.270166,0.220123,0.761966,-0.191562,0.000079,0.000058
0.040414,-0.000996,0.776938,-0.000396,0.048088,0.016915,0.998700,-0.188603,-0.010001,0.044020,0.321255,-0.217592,-0.033902,-0.171460,-0.086648,-0.085779,0.305386,-0.208895,0.037595,0.013240,-0.004706,-0.006035,0.509740,0.178101,-0.126044,0.666253,0.132777,0.000083,-0.000049,0.230298,-0.270560,0.221038,0.760452,-0.189848,0.000079,0.000058
0.040861,-0.000955,0.776943,-0.000302,0.048582,0.017302,0.998669,-0.188883,-0.010498,0.043492,0.320813,-0.217710,-0.033874,-0.171122,-0.087181,-0.086677,0.304272,-0.209167,0.037750,0.012667,-0.004021,-0.005975,0.508560,0.179433,-0.125827,0.665354,0.131962,0.000083,-0.000049,0.231323,-0.271194,0.222910,0.757989,-0.186870,0.000079,0.000059
0.041264,-0.000922,0.776931,-0.000213,0.049015,0.017656,0.998642,-0.189258,-0.010966,0.042949,0.320804,-0.217987,-0.033860,-0.170960,-0.087662,-0.087416,0.303664,-0.209607,0.037918,0.012130,-0.003290,-0.005713,0.507674,0.181402,-0.126638,0.663973,0.131929,0.000083,-0.000050,0.232109,-0.272541,0.225536,0.754861,-0.183581,0.000079,0.000060
0.041656,-0.000895,0.776905,-0.000104,0.049359,0.017998,0.998619,-0.189611,-0.011461,0.042387,0.321195,-0.218494,-0.033886,-0.170846,-0.088158,-0.088033,0.303515,-0.210252,0.038071,0.011692,-0.002489,-0.005297,0.507168,0.183665,-0.127928,0.662227,0.132168,0.000083,-0.000051,0.232263,-0.274701,0.228540,0.751580,-0.181117,0.000079,0.000061
0.042054,-0.000876,0.776872,0.000016,0.049615,0.018364,0.998600,-0.189901,-0.011975,0.041770,0.321885,-0.219138,-0.033968,-0.170646,-0.088671,-0.088651,0.303590,-0.211010,0.038243,0.011417,-0.001621,-0.004798,0.506985,0.185866,-0.129223,0.660160,0.132241,0.000083,-0.000052,0.231610,-0.277381,0.231592,0.748560,-0.179584,0.000079,0.000061
0.042448,-0.000867,0.776836,0.000189,0.049802,0.018713,0.998584,-0.190217,-0.012554,0.041203,0.322950,-0.219905,-0.034152,-0.170357,-0.089257,-0.089197,0.303752,-0.211801,0.038382,0.011294,-0.000623,-0.004236,0.506930,0.187655,-0.130083,0.658046,0.131891,0.000083,-0.000052,0.230232,-0.280218,0.234009,0.746130,-0.178502,0.000079,0.000062
0.042837,-0.000884,0.776786,0.000358,0.049850,0.018976,0.998576,-0.190474,-0.013015,0.040749,0.324533,-0.220897,-0.034465,-0.170016,-0.089743,-0.089544,0.304391,-0.212784,0.038538,0.011203,0.000456,-0.003690,0.507042,0.189192,-0.130281,0.656463,0.131345,0.000083,-0.000053,0.228253,-0.282827,0.235233,0.743580,-0.177861,0.000079,0.000063
0.043220,-0.000937,0.776726,0.000494,0.049824,0.019183,0.998574,-0.190682,-0.013334,0.040336,0.326367,-0.221989,-0.034870,-0.169779,-0.090088,-0.089742,0.305566,-0.214025,0.038643,0.011132,0.001537,-0.003147,0.507276,0.190711,-0.129890,0.655331,0.130983,0.000083,-0.000053,0.226042,-0.284660,0.235060,0.740990,-0.176749,0.000078,0.000063
0.043593,-0.001028,0.776665,0.000600,0.049773,0.019333,0.998573,-0.190908,-0.013508,0.039954,0.328368,-0.223100,-0.035445,-0.169687,-0.090291,-0.089822,0.307105,-0.215411,0.038686,0.011078,0.002564,-0.002567,0.507755,0.192507,-0.129114,0.654402,0.131389,0.000083,-0.000054,0.223402,-0.286634,0.234439,0.739180,-0.176552,0.000078,0.000063
0.043960,-0.001134,0.776609,0.000716,0.049638,0.019422,0.998578,-0.190978,-0.013659,0.039595,0.330447,-0.224141,-0.036145,-0.169484,-0.090447,-0.089755,0.308669,-0.216776,0.038679,0.011115,0.003554,-0.002059,0.508775,0.194367,-0.127829,0.653510,0.132488,0.000083,-0.000054,0.220900,-0.288296,0.231962,0.738263,-0.175744,0.000078,0.000062
0.044318,-0.001245,0.776547,0.000845,0.049473,0.019453,0.998586,-0.191144,-0.013790,0.039325,0.332902,-0.225235,-0.036991,-0.169362,-0.090598,-0.089544,0.310457,-0.218179,0.038699,0.011284,0.004509,-0.001548,0.510316,0.195816,-0.125397,0.652182,0.133717,0.000083,-0.000055,0.218670,-0.290011,0.228898,0.737876,-0.175923,0.000078,0.000062
0.044675,-0.001351,0.776481,0.001001,0.049241,0.019393,0.998598,-0.191396,-0.013918,0.039188,0.335937,-0.226381,-0.038042,-0.169271,-0.090762,-0.089121,0.312495,-0.219646,0.038711,0.011650,0.005440,-0.001056,0.512414,0.196295,-0.121356,0.650107,0.134496,0.000083,-0.000055,0.216827,-0.291732,0.225603,0.737759,-0.177241,0.000078,0.000061
0.045018,-0.001467,0.776430,0.001166,0.049086,0.019177,0.998610,-0.191980,-0.013933,0.039333,0.339439,-0.227380,-0.039469,-0.169401,-0.090855,-0.088412,0.314431,-0.220948,0.038709,0.012272,0.006290,-0.000416,0.514882,0.195362,-0.115237,0.646674,0.134177,0.000083,-0.000055,0.214952,-0.292905,0.221930,0.738238,-0.178602,0.000079,0.000060
0.045347,-0.001604,0.776401,0.001381,0.048854,0.018852,0.998627,-0.192709,-0.013943,0.039589,0.343629,-0.228098,-0.041590,-0.169467,-0.090973,-0.087440,0.316350,-0.222131,0.038760,0.013324,0.007034,0.000296,0.517981,0.193153,-0.107470,0.641619,0.133186,0.000083,-0.000055,0.213605,-0.293409,0.218242,0.739290,-0.179954,0.000079,0.000059
0.045665,-0.001748,0.776383,0.001601,0.048571,0.018339,0.998650,-0.193675,-0.013829,0.039977,0.348612,-0.228783,-0.044667,-0.169541,-0.091008,-0.086109,0.318321,-0.223239,0.038835,0.014792,0.007588,0.001116,0.522126,0.189098,-0.097164,0.634443,0.131489,0.000083,-0.000055,0.212919,-0.293285,0.214587,0.740748,-0.181656,0.000079,0.000059
0.045933,-0.001892,0.776358,0.001840,0.048242,0.017705,0.998677,-0.195256,-0.013644,0.040352,0.355027,-0.229714,-0.048752,-0.169785,-0.091011,-0.084476,0.320686,-0.224428,0.038882,0.016669,0.007957,0.002157,0.526877,0.183220,-0.084793,0.624910,0.128603,0.000083,-0.000056,0.213475,-0.292476,0.210476,0.742004,-0.183659,0.000079,0.000059
0.046142,-0.001993,0.776307,0.002098,0.047857,0.016959,0.998708,-0.197485,-0.013467,0.040654,0.362940,-0.231081,-0.053567,-0.170193,-0.091029,-0.082559,0.323501,-0.225778,0.038976,0.018914,0.008262,0.003473,0.531400,0.175852,-0.071055,0.612153,0.124568,0.000083,-0.000056,0.215317,-0.291139,0.205855,0.743000,-0.185922,0.000079,0.000058
0.046297,-0.002003,0.776199,0.002343,0.047417,0.016159,0.998742,-0.200652,-0.013254,0.040892,0.372989,-0.233293,-0.058468,-0.170666,-0.090989,-0.080483,0.326638,-0.227257,0.039025,0.021491,0.008754,0.005151,0.534683,0.167394,-0.057194,0.594468,0.119605,0.000082,-0.000057,0.218335,-0.288743,0.199801,0.743824,-0.188703,0.000079,0.000057
0.046397,-0.001915,0.775994,0.002514,0.046801,0.015350,0.998783,-0.204346,-0.013025,0.040757,0.384898,-0.236898,-0.063128,-0.171156,-0.090795,-0.078300,0.330642,-0.229199,0.039032,0.024403,0.009716,0.007141,0.535986,0.158080,-0.043706,0.570039,0.113810,0.000082,-0.000059,0.222777,-0.284895,0.190573,0.744867,-0.192906,0.000079,0.000054
0.046416,-0.001716,0.775667,0.002535,0.046033,0.014540,0.998831,-0.208432,-0.012581,0.040336,0.398302,-0.242373,-0.066938,-0.171795,-0.090234,-0.076033,0.335585,-0.231543,0.038988,0.027499,0.011454,0.009420,0.534884,0.147517,-0.029990,0.539561,0.106741,0.000082,-0.000061,0.231170,-0.278688,0.178120,0.749073,-0.196339,0.000079,0.000047
0.046406,-0.001377,0.775168,0.002001,0.045074,0.014077,0.998882,-0.212979,-0.011528,0.038616,0.413725,-0.249806,-0.069480,-0.172627,-0.088757,-0.074429,0.341986,-0.234680,0.038920,0.031268,0.013739,0.011947,0.530373,0.136627,-0.014985,0.501473,0.098526,0.000082,-0.000061,0.243892,-0.269792,0.164020,0.755350,-0.199409,0.000079,0.000038
0.046152,-0.000780,0.774362,0.000569,0.044187,0.014556,0.998917,-0.220538,-0.009810,0.033442,0.434579,-0.260508,-0.070180,-0.173990,-0.085804,-0.074791,0.349537,-0.238495,0.038645,0.036513,0.017071,0.015370,0.520536,0.126955,0.001047,0.454867,0.091395,0.000082,-0.000060,0.260556,-0.258368,0.147864,0.763764,-0.201618,0.000078,0.000025
0.045523,0.000024,0.773224,-0.002286,0.043210,0.015715,0.998940,-0.231048,-0.006558,0.024555,0.460511,-0.274091,-0.068866,-0.175806,-0.080185,-0.076854,0.358989,-0.243512,0.038230,0.042273,0.021245,0.020031,0.500358,0.119170,0.020857,0.400070,0.087516,0.000083,-0.000054,0.283461,-0.244904,0.132330,0.778245,-0.203999,0.000077,0.000009
0.044965,0.001195,0.771714,-0.006621,0.041594,0.018495,0.998941,-0.243216,-0.002611,0.011016,0.491091,-0.289976,-0.064158,-0.176175,-0.072664,-0.082236,0.370347,-0.250339,0.038091,0.047875,0.026007,0.024629,0.468211,0.114367,0.047755,0.337794,0.091369,0.000083,-0.000036,0.314552,-0.232613,0.124314,0.802213,-0.210548,0.000077,-0.000004
0.044534,0.002390,0.769886,-0.013362,0.039285,0.022854,0.998877,-0.253713,0.004702,-0.004697,0.520706,-0.308644,-0.051489,-0.174946,-0.061124,-0.091567,0.383947,-0.259315,0.037925,0.051979,0.029075,0.028763,0.420175,0.104599,0.079708,0.271030,0.087778,0.000084,-0.000004,0.353010,-0.219279,0.134662,0.835790,-0.225317,0.000078,-0.000007
0.043891,0.003389,0.768016,-0.021144,0.037362,0.030032,0.998627,-0.265981,0.012127,-0.024884,0.549656,-0.326666,-0.038939,-0.173935,-0.049082,-0.106592,0.398090,-0.268964,0.037872,0.054650,0.029983,0.033409,0.351496,0.095872,0.113850,0.204853,0.088074,0.000085,0.000039,0.396028,-0.204933,0.162096,0.876124,-0.247999,0.000080,-0.000003
0.042876,0.003780,0.766379,-0.029457,0.035886,0.040635,0.998095,-0.281296,0.018574,-0.052494,0.578251,-0.340245,-0.033103,-0.172045,-0.037594,-0.128733,0.410354,-0.277654,0.038075,0.054745,0.027936,0.039057,0.260457,0.090638,0.136410,0.141838,0.085404,0.000097,0.000052,0.440123,-0.189454,0.202397,0.920335,-0.279160,0.000085,-0.000000
0.041878,0.003367,0.765186,-0.038263,0.034820,0.055493,0.997118,-0.298084,0.023779,-0.087352,0.602904,-0.348298,-0.031991,-0.169487,-0.026957,-0.158491,0.421165,-0.282448,0.040927,0.051211,0.021741,0.045099,0.152590,0.101073,0.138832,0.089487,0.096526,0.000097,0.000068,0.487967,-0.158093,0.244439,0.964550,-0.293315,0.000095,0.000015
0.040825,0.003116,0.764554,-0.045393,0.034375,0.073551,0.995665,-0.315367,0.022800,-0.125472,0.621481,-0.350861,-0.033766,-0.169275,-0.022013,-0.187902,0.434721,-0.278430,0.055252,0.041623,0.014388,0.050951,0.037923,0.120023,0.125177,0.054752,0.120490,0.000092,0.000072,0.535328,-0.119857,0.281705,1.001202,-0.294903,0.000097,0.000032
0.039950,0.003294,0.764487,-0.050611,0.034439,0.093232,0.993761,-0.329769,0.016130,-0.162582,0.631367,-0.347805,-0.036695,-0.173870,-0.022518,-0.204375,0.455492,-0.268244,0.084100,0.024749,0.006871,0.056162,-0.078966,0.136921,0.097409,0.033018,0.144085,0.000085,0.000076,0.580642,-0.087014,0.321716,1.027929,-0.301520,0.000097,0.000047
0.039307,0.004131,0.765143,-0.053641,0.035001,0.106036,0.992297,-0.340514,0.012162,-0.184587,0.632743,-0.340642,-0.040031,-0.186218,-0.019734,-0.180689,0.482075,-0.249477,0.110456,-0.008699,0.002319,0.059744,-0.182530,0.165453,0.078091,0.024660,0.180952,0.000080,0.000079,0.621952,-0.070937,0.358378,1.043885,-0.310350,0.000097,0.000062
0.038525,0.005296,0.766668,-0.057033,0.036853,0.119833,0.990469,-0.347462,0.007682,-0.207007,0.622159,-0.327893,-0.042215,-0.207778,-0.008931,-0.125545,0.513928,-0.222575,0.133813,-0.048422,-0.001663,0.062311,-0.285993,0.193786,0.060863,0.028672,0.222248,0.000074,0.000087,0.657714,-0.058443,0.386814,1.051913,-0.312291,0.000098,0.000076
0.037621,0.006300,0.769037,-0.059293,0.038434,0.133535,0.988522,-0.344472,0.000863,-0.228154,0.596552,-0.308860,-0.042148,-0.231823,0.007477,-0.044231,0.550082,-0.193030,0.157951,-0.088620,-0.006615,0.064080,-0.380394,0.213742,0.040942,0.047086,0.259928,0.000068,0.000087,0.693062,-0.048291,0.402696,1.051534,-0.308589,0.000089,0.000078
0.037244,0.007612,0.771485,-0.061290,0.040102,0.143430,0.986946,-0.337379,-0.002874,-0.243607,0.567184,-0.289772,-0.041123,-0.252087,0.030103,0.049935,0.582493,-0.173930,0.166867,-0.127803,-0.012411,0.065592,-0.463085,0.228943,0.012737,0.076689,0.283245,0.000063,0.000085,0.726313,-0.045437,0.411142,1.042478,-0.304100,0.000083,0.000077
0.036937,0.009199,0.773680,-0.062482,0.041459,0.150512,0.985760,-0.328788,-0.005955,-0.254479,0.539735,-0.273022,-0.039546,-0.268498,0.056569,0.152319,0.615243,-0.156080,0.175142,-0.162727,-0.017345,0.066597,-0.539851,0.226131,-0.018596,0.111785,0.280242,0.000052,0.000078,0.758323,-0.049861,0.409725,1.026035,-0.297620,0.000074,0.000072
0.036709,0.011135,0.775444,-0.062464,0.042362,0.151553,0.985564,-0.319393,-0.006884,-0.254559,0.516084,-0.259837,-0.036992,-0.280270,0.085439,0.262849,0.648389,-0.137046,0.181805,-0.195587,-0.020010,0.066887,-0.609355,0.215106,-0.046321,0.157696,0.264230,0.000042,0.000070,0.787022,-0.067279,0.401877,1.004152,-0.295756,0.000068,0.000067
0.036697,0.013180,0.776731,-0.062788,0.041979,0.147697,0.986145,-0.310174,-0.003008,-0.246585,0.498942,-0.250686,-0.034681,-0.286359,0.110349,0.360417,0.681257,-0.112457,0.185679,-0.228103,-0.021300,0.065104,-0.662924,0.209177,-0.051328,0.215274,0.267821,0.000040,0.000071,0.816295,-0.090916,0.386305,0.979387,-0.292265,0.000064,0.000065
0.036606,0.014913,0.777635,-0.063672,0.042624,0.146415,0.986251,-0.305873,-0.000818,-0.243195,0.488189,-0.244720,-0.032725,-0.292655,0.125018,0.430620,0.709679,-0.080425,0.177250,-0.254435,-0.022422,0.063680,-0.717141,0.192802,-0.062195,0.276240,0.268447,0.000038,0.000081,0.842628,-0.108798,0.358085,0.950248,-0.283693,0.000069,0.000067
0.036545,0.016346,0.778050,-0.063688,0.043280,0.146244,0.986247,-0.304653,-0.001986,-0.241852,0.484628,-0.242096,-0.031261,-0.293964,0.133206,0.491187,0.728824,-0.049504,0.175172,-0.277325,-0.021900,0.063042,-0.767153,0.178668,-0.078744,0.344014,0.281747,0.000034,0.000080,0.864775,-0.124909,0.324620,0.919405,-0.275588,0.000068,0.000063
0.036579,0.017587,0.778070,-0.063563,0.043391,0.147261,0.986099,-0.305304,-0.004997,-0.243302,0.487419,-0.242557,-0.030188,-0.287163,0.139160,0.547891,0.735256,-0.023540,0.182952,-0.298137,-0.019708,0.062827,-0.812641,0.154925,-0.089225,0.415186,0.291816,0.000028,0.000075,0.886055,-0.138749,0.286790,0.886689,-0.264671,0.000061,0.000055
0.036881,0.018809,0.777623,-0.064757,0.042151,0.149304,0.985768,-0.307671,-0.006731,-0.248706,0.499650,-0.247919,-0.030078,-0.269337,0.147883,0.603249,0.727264,-0.012436,0.196085,-0.318841,-0.016453,0.062420,-0.847344,0.132267,-0.107729,0.502219,0.300328,0.000022,0.000067,0.908176,-0.151196,0.247941,0.853560,-0.250857,0.000054,0.000047
0.037218,0.020109,0.776609,-0.066763,0.040054,0.152102,0.985294,-0.312620,-0.008392,-0.256674,0.522020,-0.258898,-0.030485,-0.245015,0.157881,0.652965,0.710677,-0.013915,0.194370,-0.339274,-0.012024,0.062786,-0.873517,0.106445,-0.121055,0.592501,0.305637,0.000020,0.000074,0.929315,-0.168022,0.210621,0.818699,-0.241178,0.000057,0.000048
0.037483,0.021259,0.774925,-0.069547,0.037361,0.154946,0.984764,-0.319910,-0.009232,-0.264860,0.552950,-0.275171,-0.031041,-0.217930,0.164496,0.689646,0.685238,-0.009927,0.195741,-0.359573,-0.007892,0.064992,-0.892682,0.084429,-0.133472,0.684534,0.308131,0.000018,0.000070,0.947471,-0.191358,0.180929,0.779928,-0.236863,0.000052,0.000045
0.037853,0.021876,0.772231,-0.073453,0.034280,0.155540,0.984498,-0.330307,-0.006676,-0.269721,0.591763,-0.296269,-0.031475,-0.193254,0.167819,0.710389,0.658488,-0.015242,0.199938,-0.381726,-0.007209,0.068141,-0.901071,0.069871,-0.146000,0.775886,0.304325,0.000018,0.000070,0.963965,-0.224787,0.162702,0.734407,-0.237552,0.000050,0.000046
0.038088,0.022154,0.768810,-0.076424,0.031516,0.155007,0.984449,-0.343227,-0.004942,-0.271095,0.635914,-0.320965,-0.031638,-0.175931,0.167935,0.716206,0.641213,-0.031173,0.199198,-0.404296,-0.009249,0.073032,-0.899950,0.060689,-0.156333,0.857508,0.291274,0.000019,0.000072,0.974615,-0.265801,0.147221,0.682228,-0.241224,0.000052,0.000051
0.038172,0.022394,0.765103,-0.078862,0.028524,0.153942,0.984515,-0.356182,-0.002747,-0.270567,0.682933,-0.348015,-0.031909,-0.163240,0.165959,0.705369,0.629798,-0.056056,0.176926,-0.425076,-0.012432,0.079790,-0.891391,0.054416,-0.171847,0.930842,0.274590,0.000028,0.000097,0.982829,-0.310492,0.128991,0.625756,-0.245020,0.000071,0.000077
0.038355,0.022694,0.761530,-0.080711,0.023860,0.149508,0.985172,-0.362349,0.003279,-0.263597,0.727128,-0.375963,-0.031900,-0.152893,0.164044,0.684568,0.626002,-0.086029,0.151875,-0.443072,-0.015390,0.087350,-0.868695,0.053336,-0.179848,0.995899,0.250004,0.000022,0.000064,0.987079,-0.359492,0.099231,0.560230,-0.247418,0.000046,0.000055
0.038676,0.023059,0.758374,-0.081685,0.019212,0.140704,0.986489,-0.363298,0.013620,-0.247119,0.762591,-0.401497,-0.030805,-0.149966,0.161007,0.663193,0.629374,-0.111360,0.149450,-0.455214,-0.017310,0.094339,-0.837579,0.058096,-0.192443,1.050102,0.229583,0.000026,0.000058,0.985587,-0.407038,0.057424,0.493894,-0.240925,0.000044,0.000054
0.038914,0.023768,0.755883,-0.081496,0.015205,0.126135,0.988543,-0.360018,0.027519,-0.220064,0.787609,-0.422480,-0.029055,-0.156941,0.153210,0.632795,0.636210,-0.124060,0.147630,-0.460922,-0.017733,0.100293,-0.802433,0.070515,-0.215052,1.095166,0.218512,0.000028,0.000051,0.975195,-0.457494,0.006738,0.425011,-0.234321,0.000043,0.000050
0.039168,0.024546,0.754294,-0.080655,0.012333,0.106639,0.990944,-0.351552,0.044263,-0.184786,0.799771,-0.438187,-0.026571,-0.174116,0.138297,0.587805,0.644483,-0.129086,0.153869,-0.459558,-0.018862,0.105436,-0.761140,0.091309,-0.238144,1.123471,0.216263,0.000028,0.000048,0.952845,-0.505315,-0.047524,0.355875,-0.223850,0.000042,0.000046
0.039828,0.025353,0.753550,-0.078415,0.009658,0.083403,0.993379,-0.336252,0.061177,-0.142361,0.799977,-0.448550,-0.023999,-0.196851,0.116273,0.532679,0.654969,-0.126041,0.159131,-0.451724,-0.020466,0.108074,-0.708731,0.111112,-0.260440,1.138611,0.212091,0.000071,0.000085,0.919263,-0.550286,-0.105822,0.288084,-0.215685,0.000083,0.000082
0.040457,0.026090,0.753490,-0.075040,0.007575,0.057741,0.995479,-0.316350,0.076730,-0.096059,0.791291,-0.454848,-0.022084,-0.226894,0.084571,0.457642,0.667114,-0.112085,0.173589,-0.435773,-0.022861,0.109524,-0.648141,0.135616,-0.291050,1.139985,0.218875,0.000072,0.000084,0.872654,-0.595735,-0.154745,0.229133,-0.214335,0.000083,0.000081
0.041270,0.026827,0.754174,-0.071184,0.004643,0.028522,0.997044,-0.289104,0.092729,-0.044999,0.774376,-0.457594,-0.021127,-0.258235,0.043318,0.363095,0.678898,-0.090790,0.202870,-0.414924,-0.025367,0.109965,-0.578679,0.171158,-0.332857,1.130865,0.240809,0.000036,0.000048,0.811881,-0.641367,-0.200114,0.173656,-0.220334,0.000050,0.000042
0.042208,0.027646,0.755499,-0.066748,0.001348,-0.002397,0.997766,-0.255743,0.107143,0.010552,0.748607,-0.456041,-0.020775,-0.286561,-0.014388,0.242193,0.683730,-0.066823,0.232839,-0.389554,-0.027514,0.110069,-0.500463,0.208876,-0.369367,1.110200,0.260115,0.000074,0.000079,0.732665,-0.679125,-0.241321,0.125855,-0.227040,0.000081,0.000074
0.043403,0.028628,0.756926,-0.062333,-0.002357,-0.034417,0.997459,-0.219788,0.121415,0.069818,0.721082,-0.453089,-0.022204,-0.305724,-0.081183,0.102521,0.684378,-0.049742,0.255507,-0.362173,-0.027890,0.110202,-0.417527,0.246130,-0.397843,1.083976,0.272603,0.000074,0.000078,0.640305,-0.711302,-0.269854,0.092150,-0.240646,0.000083,0.000071
0.044866,0.029411,0.758156,-0.058045,-0.005942,-0.066118,0.996104,-0.184099,0.133736,0.129602,0.693983,-0.449552,-0.025024,-0.315880,-0.149793,-0.045310,0.685196,-0.044684,0.258995,-0.332677,-0.025538,0.109759,-0.328327,0.279830,-0.418644,1.055066,0.276318,0.000076,0.000077,0.534665,-0.731103,-0.294217,0.060693,-0.253235,0.000082,0.000064
0.046342,0.029831,0.759026,-0.054505,-0.008950,-0.097108,0.993740,-0.150636,0.145317,0.188131,0.669384,-0.446523,-0.029112,-0.319397,-0.215693,-0.195276,0.686036,-0.031358,0.259234,-0.301883,-0.021358,0.109080,-0.233739,0.309837,-0.428328,1.015733,0.270608,0.000076,0.000075,0.418854,-0.739345,-0.312333,0.033414,-0.269309,0.000081,0.000049
0.047850,0.029977,0.759509,-0.051499,-0.011633,-0.126496,0.990561,-0.119483,0.155438,0.244157,0.648125,-0.444531,-0.033873,-0.316106,-0.276196,-0.337482,0.692126,-0.025669,0.228760,-0.271616,-0.015587,0.108620,-0.136458,0.337658,-0.433928,0.972484,0.262882,0.000036,0.000034,0.297771,-0.735184,-0.313468,0.012805,-0.279509,0.000043,0.000014
0.049755,0.029706,0.759688,-0.049536,-0.014334,-0.153974,0.986728,-0.090196,0.165599,0.296404,0.631194,-0.444109,-0.039526,-0.302940,-0.327526,-0.477645,0.693404,-0.018947,0.175882,-0.241828,-0.008509,0.107279,-0.035227,0.362054,-0.434993,0.923037,0.252419,0.000054,0.000046,0.178019,-0.714732,-0.307408,-0.005395,-0.284599,0.000059,0.000014
0.051281,0.028565,0.759246,-0.047842,-0.016958,-0.180282,0.982305,-0.061637,0.174596,0.347198,0.616668,-0.444761,-0.045811,-0.286258,-0.375808,-0.621999,0.699410,-0.017452,0.124060,-0.210668,-0.002496,0.105369,0.066048,0.385786,-0.429247,0.865767,0.239669,0.000053,0.000044,0.064594,-0.677969,-0.297680,-0.024057,-0.292078,0.000057,0.000004
0.052508,0.027164,0.757741,-0.044183,-0.019224,-0.204899,0.977596,-0.039072,0.176252,0.394761,0.607931,-0.447281,-0.050281,-0.268530,-0.424341,-0.762444,0.708623,-0.022356,0.068322,-0.177412,0.002630,0.101501,0.165571,0.407493,-0.426072,0.805132,0.229261,0.000055,0.000039,-0.039494,-0.634971,-0.281238,-0.046102,-0.294410,0.000052,0.000001
0.053329,0.025097,0.755400,-0.038933,-0.021370,-0.226191,0.973070,-0.021549,0.173572,0.435533,0.606497,-0.453655,-0.054594,-0.251391,-0.467812,-0.884758,0.722010,-0.035958,0.016063,-0.141684,0.006885,0.097023,0.261111,0.428010,-0.421473,0.740749,0.218075,0.000058,0.000033,-0.131055,-0.580887,-0.263330,-0.067513,-0.294542,0.000049,-0.000004
0.053440,0.023075,0.752424,-0.033549,-0.022903,-0.246950,0.968176,-0.007875,0.171090,0.473818,0.611149,-0.463578,-0.059348,-0.242434,-0.501845,-0.979005,0.741199,-0.054780,-0.030128,-0.105326,0.009204,0.095649,0.349868,0.451230,-0.413678,0.669996,0.209943,0.000071,0.000045,-0.211521,-0.520389,-0.240190,-0.091989,-0.283737,0.000062,-0.000006
0.053332,0.021247,0.748748,-0.027355,-0.026038,-0.264607,0.963617,0.002448,0.166476,0.504929,0.626118,-0.478473,-0.064010,-0.238623,-0.532622,-1.046196,0.761977,-0.065938,-0.075465,-0.065102,0.012981,0.095226,0.435274,0.474178,-0.409349,0.595791,0.204203,0.000071,0.000034,-0.275787,-0.466079,-0.227627,-0.109095,-0.288243,0.000061,-0.000014
0.053074,0.019737,0.744506,-0.021036,-0.028475,-0.281349,0.958952,0.006548,0.162122,0.531722,0.648929,-0.497160,-0.067907,-0.247349,-0.556936,-1.078223,0.788318,-0.081371,-0.112754,-0.024362,0.018690,0.097675,0.515710,0.500798,-0.402391,0.515560,0.204416,0.000071,0.000020,-0.328958,-0.414934,-0.214308,-0.127645,-0.288636,0.000057,-0.000018
0.053038,0.018401,0.740330,-0.015584,-0.031854,-0.295506,0.954682,0.010552,0.157028,0.552762,0.672352,-0.515735,-0.070344,-0.265776,-0.575150,-1.071934,0.820145,-0.099293,-0.136484,0.016487,0.026529,0.099997,0.590851,0.533332,-0.391529,0.433284,0.210958,0.000052,0.000004,-0.365269,-0.368973,-0.205284,-0.138797,-0.293993,0.000037,-0.000016
0.052813,0.017343,0.736488,-0.011730,-0.033621,-0.308148,0.950672,0.010643,0.154927,0.569843,0.694622,-0.532311,-0.071572,-0.291749,-0.582393,-1.040657,0.850011,-0.121401,-0.144504,0.054975,0.034017,0.104403,0.658649,0.569627,-0.369705,0.351896,0.220418,0.000050,-0.000001,-0.389900,-0.330392,-0.196630,-0.146347,-0.308569,0.000035,-0.000022
0.052280,0.016264,0.733544,-0.009170,-0.035756,-0.316807,0.947772,0.010161,0.153035,0.579974,0.711995,-0.543901,-0.071246,-0.311626,-0.585241,-1.008439,0.873085,-0.142878,-0.140328,0.092081,0.039766,0.108165,0.718573,0.610860,-0.340479,0.275211,0.234734,0.000049,-0.000007,-0.397006,-0.298311,-0.194191,-0.146400,-0.324604,0.000036,-0.000030
0.051613,0.015234,0.731652,-0.007551,-0.037115,-0.324331,0.945185,0.008354,0.154155,0.589351,0.725888,-0.551612,-0.070643,-0.327773,-0.583295,-0.979545,0.889743,-0.155755,-0.132471,0.122226,0.044088,0.112191,0.770302,0.648842,-0.303360,0.203661,0.244929,0.000050,-0.000014,-0.394432,-0.275905,-0.187897,-0.142296,-0.343532,0.000035,-0.000037
0.050829,0.013874,0.730998,-0.008882,-0.039005,-0.325476,0.944704,0.007662,0.159274,0.588024,0.734955,-0.554449,-0.070195,-0.329982,-0.580446,-0.965072,0.901343,-0.161439,-0.123208,0.148345,0.044581,0.113614,0.813413,0.691663,-0.256337,0.138520,0.260630,0.000051,-0.000018,-0.375555,-0.261729,-0.186916,-0.129191,-0.361463,0.000034,-0.000041
0.050453,0.011928,0.731417,-0.012000,-0.039913,-0.321265,0.946072,0.004944,0.166904,0.577405,0.739306,-0.552869,-0.070210,-0.321648,-0.583043,-0.967060,0.915749,-0.155535,-0.103623,0.168463,0.041263,0.112626,0.848209,0.730077,-0.201473,0.078442,0.268505,0.000052,-0.000021,-0.346306,-0.252140,-0.190964,-0.111174,-0.372818,0.000033,-0.000044
0.050366,0.010857,0.733692,-0.014112,-0.039884,-0.309347,0.950008,-0.004877,0.172225,0.553980,0.742082,-0.547083,-0.070133,-0.302775,-0.591000,-0.983673,0.918727,-0.131863,-0.074335,0.184660,0.041955,0.108011,0.859975,0.759303,-0.144084,0.017906,0.278346,0.000053,-0.000021,-0.305567,-0.245539,-0.210554,-0.090632,-0.371868,0.000031,-0.000054
0.049533,0.009794,0.737673,-0.017620,-0.036921,-0.294385,0.954811,-0.014974,0.180303,0.529918,0.730415,-0.532546,-0.070960,-0.284973,-0.595258,-0.999430,0.915425,-0.097207,-0.036778,0.194345,0.043199,0.103838,0.857514,0.778402,-0.081932,-0.043229,0.283643,0.000048,-0.000016,-0.255265,-0.248755,-0.230309,-0.065577,-0.378504,0.000028,-0.000051
0.048309,0.008961,0.742216,-0.022222,-0.033109,-0.277247,0.959971,-0.024765,0.189085,0.504130,0.711155,-0.512719,-0.071923,-0.274903,-0.592161,-0.993051,0.906567,-0.055809,0.003011,0.196233,0.044310,0.100600,0.843200,0.789298,-0.022648,-0.100721,0.284814,0.000048,-0.000015,-0.193610,-0.257701,-0.246634,-0.032049,-0.390701,0.000032,-0.000049
0.046781,0.008548,0.746878,-0.027478,-0.029099,-0.257319,0.965497,-0.036469,0.197592,0.472622,0.690923,-0.491471,-0.072632,-0.276672,-0.575989,-0.953262,0.889479,-0.010814,0.035999,0.191284,0.046660,0.098730,0.817208,0.791152,0.025592,-0.154099,0.278236,0.000048,-0.000017,-0.139968,-0.252085,-0.259594,0.002304,-0.368310,0.000029,-0.000050
0.045155,0.008113,0.751297,-0.033871,-0.025231,-0.235904,0.970858,-0.048455,0.206313,0.437389,0.669993,-0.470070,-0.072741,-0.293914,-0.541246,-0.860286,0.868436,0.029181,0.079464,0.178150,0.049553,0.098114,0.780115,0.782544,0.075583,-0.200146,0.281680,0.000054,-0.000014,-0.079459,-0.243290,-0.272829,0.034431,-0.357589,0.000031,-0.000054
0.043525,0.008158,0.755197,-0.040262,-0.021952,-0.213169,0.975939,-0.061544,0.212529,0.398141,0.651670,-0.450561,-0.071752,-0.316659,-0.490795,-0.730144,0.841220,0.060932,0.127439,0.161098,0.053259,0.098284,0.735000,0.765811,0.118557,-0.240072,0.289031,0.000051,-0.000008,-0.016023,-0.235138,-0.291394,0.059169,-0.361912,0.000026,-0.000046
0.042071,0.008066,0.758222,-0.046974,-0.018577,-0.190113,0.980462,-0.079345,0.218201,0.355232,0.639909,-0.434268,-0.069851,-0.337741,-0.424479,-0.574796,0.810905,0.087839,0.181018,0.139880,0.055266,0.097862,0.682186,0.748604,0.152249,-0.270593,0.303012,0.000050,-0.000006,0.046385,-0.213535,-0.317035,0.070998,-0.361740,0.000021,-0.000043
0.040474,0.007856,0.760632,-0.053263,-0.014854,-0.166260,0.984530,-0.101005,0.221536,0.308607,0.632541,-0.420493,-0.067790,-0.347460,-0.350825,-0.416652,0.776727,0.108317,0.239580,0.117093,0.054974,0.097058,0.612539,0.729003,0.170460,-0.299029,0.316224,0.000083,-0.000022,0.109059,-0.177789,-0.351875,0.075373,-0.360877,0.000047,-0.000081
0.038732,0.007239,0.762234,-0.059386,-0.011212,-0.141116,0.988147,-0.125851,0.222580,0.257556,0.630414,-0.409755,-0.065748,-0.343714,-0.278534,-0.272374,0.742830,0.119635,0.261558,0.093680,0.051559,0.096959,0.534600,0.707471,0.181603,-0.317469,0.329360,0.000083,-0.000025,0.171999,-0.130508,-0.388658,0.071322,-0.355935,0.000044,-0.000080
0.036998,0.006217,0.763057,-0.065464,-0.008398,-0.114073,0.991278,-0.153050,0.220892,0.200801,0.634669,-0.402444,-0.064262,-0.326114,-0.210657,-0.138884,0.709886,0.120329,0.261538,0.068458,0.045173,0.097198,0.446306,0.687917,0.180944,-0.326009,0.341404,0.000054,-0.000010,0.232935,-0.066957,-0.418687,0.061940,-0.334903,0.000016,-0.000046
0.035360,0.004883,0.763116,-0.070858,-0.006584,-0.085377,0.993804,-0.181432,0.214367,0.139682,0.644509,-0.397902,-0.063507,-0.298812,-0.150502,-0.008338,0.683151,0.101544,0.261629,0.039982,0.036230,0.097225,0.351155,0.668148,0.166991,-0.321984,0.352282,0.000060,-0.000013,0.291749,-0.000573,-0.448284,0.047015,-0.319824,0.000015,-0.000045
0.033646,0.003428,0.762268,-0.074305,-0.004077,-0.054663,0.995728,-0.214770,0.199886,0.074355,0.661737,-0.396809,-0.063356,-0.268268,-0.103900,0.111464,0.660603,0.072616,0.261620,0.009926,0.026169,0.099111,0.249659,0.644064,0.143341,-0.309222,0.362026,0.000058,-0.000015,0.344904,0.069664,-0.484914,0.028648,-0.303738,0.000016,-0.000045
0.031955,0.001856,0.760183,-0.076299,-0.002174,-0.022777,0.996822,-0.251744,0.178697,0.006101,0.691189,-0.401549,-0.064197,-0.234983,-0.067864,0.222888,0.641212,0.033639,0.261426,-0.020931,0.016344,0.100986,0.149481,0.614134,0.111700,-0.290108,0.367407,0.000048,-0.000016,0.398253,0.135667,-0.515489,0.007171,-0.291202,0.000014,-0.000037
