-0.106932,-0.178202,0.710832,-0.017188,-0.035946,0.335403,0.941232,-0.44788,0.166889,-0.082369,1.178787,-0.548649,-0.117146,-0.20376,-0.311505,-0.371038,1.036483,-0.576772,0.177584,0.051553,-0.888456,-0.12205,-0.511506,0.726551,1.176286,-0.097469,-0.231267,0.124504,0.912089,-0.682091
-0.11078,-0.169991,0.706018,-0.016337,-0.027157,0.324815,0.945246,-0.434928,0.168578,-0.039546,1.154268,-0.614029,-0.112216,-0.240963,-0.318052,-0.328628,1.051531,-0.586686,0.175167,0.030156,-0.823407,-0.060171,-0.493918,0.776876,1.181365,-0.137522,-0.236766,0.101347,0.78271,-0.659986
-0.114417,-0.16036,0.708486,-0.018031,-0.018716,0.308343,0.95092,-0.430981,0.178526,0.006469,1.14224,-0.616763,-0.103226,-0.268785,-0.316026,-0.291145,1.034014,-0.56024,0.169732,0.007984,-0.728221,0.008523,-0.448235,0.843101,1.15886,-0.146371,-0.229143,0.099536,0.623624,-0.631907
-0.117345,-0.14862,0.71762,-0.021365,-0.010928,0.282477,0.958974,-0.402031,0.198058,0.067922,1.094083,-0.594045,-0.093746,-0.282494,-0.304747,-0.25365,0.975553,-0.495187,0.173371,-0.013325,-0.601773,0.090437,-0.400049,0.931369,1.135984,-0.135217,-0.221988,0.149715,0.479663,-0.643229
-0.119607,-0.134947,0.73211,-0.02468,-0.004149,0.248271,0.968367,-0.352168,0.215065,0.139633,1.019906,-0.552683,-0.086023,-0.294984,-0.287337,-0.202358,0.908155,-0.398167,0.174109,-0.031717,-0.439593,0.169143,-0.340376,1.018581,1.099522,-0.113157,-0.225902,0.228687,0.370597,-0.67838
-0.121077,-0.119844,0.74812,-0.029464,0.002771,0.205182,0.978276,-0.295727,0.231061,0.215594,0.944862,-0.497042,-0.084512,-0.326478,-0.255306,-0.127374,0.857109,-0.278489,0.158373,-0.047676,-0.257397,0.228406,-0.270468,1.098606,1.061373,-0.103556,-0.229889,0.321874,0.306923,-0.708403
-0.121754,-0.104441,0.759343,-0.03296,0.00799,0.159084,0.986682,-0.246394,0.238032,0.280662,0.884988,-0.43566,-0.093388,-0.368077,-0.221292,-0.049445,0.834429,-0.164714,0.139391,-0.058213,-0.055975,0.252239,-0.210773,1.180612,1.031476,-0.101978,-0.239442,0.410569,0.296087,-0.749025
-0.121556,-0.088999,0.766105,-0.036652,0.010419,0.114072,0.992741,-0.207785,0.236435,0.317015,0.851733,-0.392484,-0.109281,-0.407829,-0.200252,-0.007876,0.832509,-0.077775,0.138246,-0.060345,0.141512,0.245595,-0.139733,1.260248,0.995198,-0.105986,-0.236465,0.469344,0.319164,-0.754705
-0.121394,-0.073463,0.769935,-0.037727,0.009644,0.075438,0.99639,-0.186102,0.215319,0.310222,0.852058,-0.375174,-0.124402,-0.44605,-0.201506,0.003827,0.861179,-0.025567,0.138062,-0.054731,0.299128,0.200697,-0.072571,1.297499,0.956686,-0.119516,-0.244449,0.500712,0.382282,-0.765543
-0.121425,-0.05787,0.764833,-0.037422,0.006881,0.046012,0.998216,-0.179353,0.174885,0.272282,0.879605,-0.403827,-0.124321,-0.486987,-0.225782,-0.013191,0.92105,0.000581,0.131657,-0.044125,0.435502,0.164453,0.018181,1.32059,0.905256,-0.12858,-0.247856,0.492775,0.460139,-0.746639
-0.12158,-0.042764,0.7522,-0.034229,0.002144,0.028969,0.998992,-0.175974,0.134635,0.258616,0.922427,-0.460249,-0.096548,-0.519224,-0.283911,-0.06363,0.983275,0.015656,0.134613,-0.033314,0.541277,0.134229,0.127655,1.301214,0.841812,-0.132782,-0.264013,0.453285,0.549286,-0.723538
-0.12241,-0.028583,0.740123,-0.027366,-0.002755,0.027228,0.999251,-0.177703,0.105099,0.2866,0.972374,-0.519594,-0.04369,-0.555429,-0.371833,-0.114824,1.05139,0.020466,0.108425,-0.026758,0.600858,0.14038,0.218358,1.303161,0.809423,-0.120449,-0.293018,0.395944,0.636162,-0.695147
-0.123985,-0.015505,0.728631,-0.021238,-0.005226,0.040093,0.998957,-0.190952,0.076939,0.307173,1.024754,-0.576887,0.003058,-0.589319,-0.458027,-0.151767,1.113268,0.023398,0.031018,-0.025816,0.594842,0.167288,0.287722,1.274238,0.804468,-0.095439,-0.328713,0.330791,0.722649,-0.666082
-0.125011,-0.00375,0.720448,-0.015407,-0.005207,0.068999,0.997484,-0.21969,0.032521,0.283289,1.080212,-0.623872,0.039765,-0.623714,-0.536786,-0.169385,1.174807,0.011379,-0.077841,-0.032142,0.53227,0.222265,0.314965,1.244807,0.845397,-0.05093,-0.365445,0.274592,0.81127,-0.638598
-0.125292,0.006895,0.71217,-0.014414,-0.006013,0.110188,0.993788,-0.23983,-0.011406,0.238904,1.120185,-0.666453,0.072248,-0.663716,-0.529438,-0.124676,1.261541,-0.023999,-0.147307,-0.047373,0.430527,0.28996,0.348953,1.208219,0.877623,0.010988,-0.389558,0.246096,0.903696,-0.631802
-0.124148,0.016902,0.706695,-0.013671,-0.005895,0.153209,0.988082,-0.244016,-0.05436,0.190372,1.131219,-0.699128,0.095871,-0.702816,-0.427023,-0.054575,1.358673,-0.109933,-0.141851,-0.061105,0.287968,0.345408,0.362682,1.169494,0.921229,0.085016,-0.392997,0.242987,0.990834,-0.648016
-0.121617,0.027656,0.705187,-0.009014,-0.003597,0.192544,0.98124,-0.242394,-0.102873,0.147764,1.126651,-0.694,0.113435,-0.71542,-0.359902,-0.057702,1.413443,-0.202746,-0.097953,-0.066613,0.102896,0.362457,0.348715,1.116627,0.973101,0.152004,-0.369194,0.231102,1.069007,-0.650177
-0.117632,0.039615,0.70764,-0.003581,0.001859,0.230654,0.973027,-0.241599,-0.149424,0.10903,1.116362,-0.653724,0.124235,-0.711701,-0.304766,-0.103296,1.408894,-0.283204,-0.072929,-0.070511,-0.088125,0.345159,0.273426,1.051501,1.03439,0.210367,-0.320038,0.201685,1.116206,-0.639425
-0.112036,0.053365,0.713831,0.001405,0.007109,0.266332,0.963854,-0.224065,-0.190147,0.07269,1.079965,-0.587363,0.127455,-0.700326,-0.230329,-0.15003,1.347166,-0.32093,-0.028862,-0.073237,-0.261255,0.307997,0.158422,0.994009,1.11565,0.260059,-0.257804,0.149993,1.132274,-0.610068
-0.104998,0.069241,0.721327,0.007223,0.013398,0.296456,0.954925,-0.193943,-0.227332,0.043042,1.027335,-0.514952,0.123584,-0.680621,-0.164313,-0.202058,1.226821,-0.349582,0.0397,-0.074201,-0.40828,0.248936,0.029414,0.942445,1.199243,0.291767,-0.195838,0.11427,1.132042,-0.591055
-0.096979,0.087279,0.728123,0.013251,0.019212,0.323491,0.945943,-0.156007,-0.262506,0.016654,0.972936,-0.439744,0.119212,-0.6553,-0.108067,-0.247639,1.071955,-0.369056,0.082922,-0.074726,-0.531973,0.175642,-0.098085,0.893572,1.276737,0.302047,-0.146288,0.101271,1.119648,-0.591966
-0.088488,0.107113,0.733085,0.02151,0.024553,0.34824,0.936837,-0.113007,-0.302313,-0.011215,0.921449,-0.361851,0.109661,-0.629513,-0.072795,-0.278134,0.918854,-0.371092,0.109987,-0.075263,-0.635303,0.089373,-0.216032,0.840001,1.322088,0.290189,-0.122666,0.114661,1.103305,-0.61631
-0.079837,0.127818,0.735723,0.028886,0.028476,0.373666,0.926676,-0.072098,-0.340126,-0.048659,0.886846,-0.286758,0.075764,-0.603755,-0.063537,-0.294782,0.809792,-0.348091,0.049357,-0.076307,-0.721874,-0.001886,-0.318308,0.783748,1.340801,0.258973,-0.120004,0.130717,1.070442,-0.64602
-0.071418,0.14866,0.735007,0.039456,0.029511,0.400431,0.915001,-0.040607,-0.386822,-0.103871,0.888883,-0.213243,-0.01766,-0.575017,-0.089433,-0.301822,0.781376,-0.321094,-0.12535,-0.078932,-0.789059,-0.094919,-0.403531,0.727557,1.32308,0.22073,-0.139803,0.150064,1.029444,-0.685441
-0.063339,0.167021,0.736953,0.05163,0.028194,0.429291,0.901248,-0.029132,-0.439563,-0.157838,0.951693,-0.151892,-0.189385,-0.557241,-0.141171,-0.294592,0.829338,-0.344604,-0.207609,-0.086956,-0.846446,-0.17037,-0.482772,0.682362,1.304158,0.17669,-0.17064,0.150766,0.988206,-0.71333
-0.055664,0.184514,0.732786,0.064509,0.023263,0.461465,0.884504,-0.05432,-0.50189,-0.131774,1.079656,-0.070699,-0.245294,-0.543958,-0.207549,-0.299262,0.917501,-0.408202,-0.199351,-0.112709,-0.896363,-0.224297,-0.542759,0.659516,1.270773,0.120611,-0.203394,0.153686,0.94932,-0.734369
-0.048987,0.200586,0.725362,0.075757,0.014901,0.492902,0.866653,-0.135979,-0.504742,-0.027728,1.26537,-0.021,-0.247696,-0.524151,-0.275395,-0.319493,1.009168,-0.477144,-0.189151,-0.155186,-0.934325,-0.245117,-0.588241,0.660755,1.259538,0.043607,-0.241374,0.151368,0.911253,-0.745734
-0.043412,0.215777,0.71769,0.083642,0.008146,0.513758,0.853809,-0.239332,-0.43851,0.042312,1.442642,-0.069081,-0.247742,-0.503593,-0.324024,-0.333872,1.081143,-0.538332,-0.179534,-0.191401,-0.959574,-0.235464,-0.634509,0.684835,1.251852,-0.046455,-0.279115,0.129907,0.859633,-0.745476
-0.038825,0.230838,0.711068,0.088635,0.002496,0.517378,0.851151,-0.334328,-0.320865,0.063604,1.575206,-0.172359,-0.246723,-0.486634,-0.341166,-0.326395,1.134179,-0.590059,-0.169228,-0.20828,-0.955515,-0.19987,-0.648563,0.727162,1.24447,-0.142052,-0.302914,0.088204,0.768215,-0.729085
-0.035588,0.245609,0.706314,0.091938,-0.00221,0.507039,0.857003,-0.422978,-0.21608,0.05653,1.648085,-0.242647,-0.222619,-0.475362,-0.335324,-0.298477,1.171447,-0.62838,-0.157481,-0.206444,-0.918366,-0.148034,-0.639803,0.776021,1.225902,-0.218587,-0.309139,0.054863,0.64754,-0.711591
-0.03389,0.259932,0.704429,0.090827,-0.005611,0.491925,0.865869,-0.512649,-0.119591,0.075447,1.660279,-0.291512,-0.138079,-0.464252,-0.319235,-0.269889,1.185799,-0.648266,-0.142408,-0.197169,-0.857953,-0.08339,-0.606321,0.833014,1.205694,-0.27393,-0.301748,0.035923,0.517342,-0.703409
-0.03295,0.274034,0.705113,0.085589,-0.005348,0.472039,0.877397,-0.597775,-0.048837,0.081642,1.609543,-0.325737,-0.067736,-0.45833,-0.294664,-0.239031,1.182837,-0.655949,-0.1224,-0.184099,-0.780218,-0.003673,-0.571712,0.89708,1.195006,-0.310386,-0.282118,0.039358,0.398629,-0.699513
-0.032717,0.288148,0.707883,0.076986,0.00091,0.445394,0.892018,-0.671351,0.003842,0.074002,1.498655,-0.338298,-0.042964,-0.465857,-0.263413,-0.199542,1.167596,-0.6519,-0.098285,-0.171944,-0.680141,0.080931,-0.529332,0.953327,1.173062,-0.333262,-0.265541,0.072397,0.310608,-0.726982
-0.033296,0.302565,0.712063,0.063059,0.010381,0.410172,0.909766,-0.722977,0.057718,0.049166,1.334792,-0.332065,-0.038744,-0.483429,-0.219526,-0.153253,1.139437,-0.634674,-0.071942,-0.160009,-0.555377,0.180534,-0.471426,1.008518,1.143922,-0.350027,-0.232962,0.129541,0.240729,-0.759715
-0.033994,0.316983,0.717074,0.04867,0.023984,0.365458,0.929245,-0.743278,0.094203,-0.006062,1.127004,-0.312874,-0.036428,-0.509947,-0.165987,-0.093965,1.10138,-0.606494,-0.046952,-0.145945,-0.402778,0.274516,-0.409053,1.057637,1.106443,-0.357005,-0.195487,0.199693,0.190768,-0.788456
-0.034326,0.332159,0.721167,0.032193,0.03934,0.312138,0.948676,-0.733026,0.114382,-0.110317,0.928779,-0.286856,-0.049806,-0.540147,-0.100167,-0.023871,1.06211,-0.576579,-0.022827,-0.129478,-0.226139,0.343474,-0.334015,1.097266,1.053001,-0.360916,-0.163036,0.283178,0.170732,-0.81084
-0.033765,0.347684,0.723128,0.017903,0.052794,0.253414,0.96575,-0.69521,0.11235,-0.253948,0.800343,-0.240375,-0.073313,-0.564996,-0.032635,0.049997,1.028008,-0.549971,-0.000747,-0.110582,-0.038539,0.374345,-0.270126,1.150383,1.00985,-0.356312,-0.137615,0.368477,0.181162,-0.819244
-0.032438,0.363549,0.720063,0.002299,0.058903,0.196387,0.978753,-0.650858,0.15939,-0.28399,0.757932,-0.214519,-0.154085,-0.579367,0.034556,0.112434,1.008781,-0.52951,0.019797,-0.096264,0.146101,0.357836,-0.210112,1.204036,0.971577,-0.344195,-0.118439,0.439964,0.206714,-0.813503
-0.030578,0.379588,0.719829,-0.015629,0.057555,0.144809,0.987661,-0.625425,0.250871,-0.226458,0.77946,-0.274551,-0.194802,-0.582395,0.097224,0.157777,1.005638,-0.512406,0.038258,-0.083156,0.297688,0.305955,-0.143865,1.260804,0.93277,-0.325184,-0.111916,0.493083,0.245604,-0.799819
-0.028046,0.395191,0.719219,-0.027059,0.053012,0.109071,0.99225,-0.603789,0.305712,-0.186683,0.812132,-0.318749,-0.240681,-0.580475,0.132443,0.186152,1.020088,-0.496585,0.05286,-0.064462,0.39308,0.231483,-0.104994,1.290881,0.91195,-0.289349,-0.12899,0.508328,0.277901,-0.778733
-0.024875,0.411657,0.719008,-0.034389,0.047306,0.093113,0.993936,-0.60127,0.315187,-0.17295,0.871545,-0.360672,-0.247168,-0.580797,0.129768,0.178178,1.059417,-0.482303,0.059717,-0.04299,0.436383,0.175632,-0.066904,1.286933,0.89122,-0.234888,-0.155628,0.480209,0.30371,-0.724038
-0.021231,0.427272,0.715323,-0.035615,0.041165,0.098127,0.993684,-0.613819,0.290906,-0.175937,0.940341,-0.400236,-0.247225,-0.590872,0.081893,0.126665,1.124676,-0.455141,0.038209,-0.023075,0.439837,0.163901,-0.025776,1.281022,0.878065,-0.164386,-0.189374,0.41804,0.3276,-0.656895
-0.017041,0.441088,0.709998,-0.029412,0.034992,0.121943,0.991484,-0.628016,0.236201,-0.188391,0.999088,-0.433056,-0.245259,-0.621872,0.003192,0.065645,1.238649,-0.382231,0.01593,-0.010127,0.411058,0.18831,0.012586,1.266081,0.880744,-0.088347,-0.219456,0.333798,0.350098,-0.573057
-0.012707,0.453986,0.704538,-0.018522,0.029527,0.158771,0.9867,-0.639936,0.156841,-0.206387,1.048032,-0.459996,-0.239537,-0.66548,-0.098412,0.013392,1.370836,-0.315379,-0.009347,-0.005437,0.348248,0.234911,0.058796,1.246764,0.893855,-0.01214,-0.248644,0.253692,0.37382,-0.486426
-0.008041,0.465501,0.697352,-0.006928,0.024826,0.208375,0.977709,-0.651641,0.059452,-0.235234,1.09137,-0.482976,-0.228895,-0.709952,-0.198459,-0.017354,1.495787,-0.285266,-0.091251,-0.006733,0.254111,0.281806,0.075584,1.202564,0.93728,0.061712,-0.272281,0.186759,0.404582,-0.406152
-0.003254,0.474771,0.690024,0.005522,0.023644,0.264286,0.964139,-0.66518,-0.043494,-0.26511,1.12363,-0.497824,-0.216766,-0.746089,-0.25579,-0.028822,1.577236,-0.333643,-0.153736,-0.011883,0.122899,0.312814,0.06701,1.135535,0.991977,0.118715,-0.291548,0.129816,0.439677,-0.326604
0.001782,0.481669,0.682636,0.019185,0.023522,0.321068,0.94657,-0.675795,-0.145864,-0.294403,1.149029,-0.507493,-0.208415,-0.781635,-0.245262,-0.010421,1.614451,-0.376311,-0.099836,-0.016991,-0.023998,0.316306,0.035846,1.056556,1.045953,0.155488,-0.319582,0.116589,0.480602,-0.302749
0.007094,0.486847,0.674913,0.03245,0.023823,0.376896,0.92538,-0.687811,-0.247222,-0.324139,1.179728,-0.51227,-0.20411,-0.801446,-0.205907,0.021987,1.598062,-0.426896,0.02427,-0.017687,-0.190019,0.293623,-0.035263,0.997686,1.117935,0.181871,-0.340955,0.133952,0.527169,-0.325637
0.012508,0.490516,0.667795,0.043377,0.023935,0.429563,0.901677,-0.697471,-0.340523,-0.355466,1.208355,-0.514126,-0.208675,-0.809794,-0.15647,0.068714,1.556666,-0.462896,0.147318,-0.016636,-0.35542,0.246036,-0.131234,0.960246,1.198413,0.194919,-0.361457,0.161818,0.573537,-0.379781
0.017892,0.492535,0.661737,0.051013,0.023059,0.477384,0.87691,-0.702309,-0.420379,-0.391156,1.230919,-0.514085,-0.22169,-0.80471,-0.105387,0.117017,1.520791,-0.489677,0.197753,-0.016953,-0.508848,0.181385,-0.216985,0.92221,1.260177,0.181332,-0.370296,0.186374,0.621352,-0.442464
0.023375,0.492631,0.656114,0.058023,0.021913,0.519521,0.852204,-0.702867,-0.481893,-0.42351,1.243365,-0.511497,-0.23734,-0.791906,-0.113293,0.127452,1.526761,-0.509037,0.152836,-0.019681,-0.641755,0.101827,-0.305032,0.882249,1.302165,0.153812,-0.369865,0.184697,0.661418,-0.484143
0.028739,0.490758,0.652605,0.059793,0.019386,0.554185,0.830017,-0.705934,-0.508547,-0.445699,1.248935,-0.503447,-0.246933,-0.775331,-0.140851,0.108996,1.550129,-0.52612,0.115377,-0.020609,-0.755516,0.036019,-0.404298,0.834427,1.347835,0.115563,-0.358357,0.149725,0.690674,-0.500758
0.032259,0.488408,0.650441,0.054575,0.015209,0.576429,0.815181,-0.712735,-0.509412,-0.457006,1.248818,-0.488802,-0.247438,-0.758161,-0.158612,0.076029,1.556775,-0.562123,0.102879,-0.018297,-0.848613,-0.00325,-0.511921,0.778213,1.409584,0.065583,-0.337826,0.105318,0.69599,-0.511204
0.034729,0.485472,0.64822,0.051444,0.012873,0.592364,0.803923,-0.727354,-0.509202,-0.450932,1.25476,-0.470756,-0.247099,-0.747381,-0.17772,0.042197,1.557751,-0.597774,0.087013,-0.027054,-0.912574,-0.019033,-0.59347,0.722562,1.451319,0.009247,-0.318685,0.063128,0.675817,-0.515837
0.035918,0.482155,0.645695,0.054162,0.014241,0.603225,0.795602,-0.753117,-0.504521,-0.405627,1.266304,-0.453862,-0.243599,-0.745177,-0.204786,0.013723,1.549179,-0.622839,0.062965,-0.060479,-0.936508,-0.005396,-0.629451,0.677508,1.463466,-0.067179,-0.299881,0.052095,0.633992,-0.521515
0.035521,0.477966,0.642758,0.053933,0.013963,0.599152,0.798695,-0.790013,-0.439572,-0.302776,1.283085,-0.444775,-0.22457,-0.750245,-0.201441,0.000687,1.529381,-0.640228,0.041711,-0.098156,-0.930448,0.029693,-0.623986,0.654531,1.441909,-0.155029,-0.289254,0.09591,0.595193,-0.564943
0.033774,0.473801,0.641983,0.051485,0.013375,0.585357,0.809029,-0.823778,-0.327807,-0.176859,1.298326,-0.438623,-0.195725,-0.760971,-0.178798,0.002084,1.510196,-0.644465,0.029465,-0.130581,-0.90534,0.081736,-0.602791,0.653656,1.413201,-0.246624,-0.268463,0.163821,0.567737,-0.611943
0.030433,0.470064,0.640682,0.048398,0.012965,0.564327,0.824029,-0.84449,-0.207559,-0.066034,1.31459,-0.44205,-0.184326,-0.780198,-0.144813,0.015334,1.4974,-0.625499,0.026362,-0.153247,-0.871879,0.144529,-0.590056,0.677249,1.397051,-0.324121,-0.232261,0.218897,0.543376,-0.647309
0.025987,0.467316,0.640348,0.045123,0.013501,0.536617,0.84251,-0.852516,-0.085958,0.024203,1.340219,-0.467327,-0.205012,-0.805298,-0.100766,0.038091,1.489041,-0.593177,0.028459,-0.166671,-0.830375,0.206835,-0.587496,0.722164,1.397116,-0.377495,-0.180056,0.242727,0.530238,-0.664951
0.01959,0.464598,0.644589,0.04273,0.015338,0.504879,0.861996,-0.84948,0.028454,0.096036,1.398161,-0.487786,-0.199003,-0.830772,-0.048597,0.07175,1.478672,-0.552149,0.037283,-0.17196,-0.775461,0.246657,-0.566194,0.785014,1.373747,-0.40211,-0.119517,0.23627,0.51631,-0.661578
0.011812,0.461953,0.645979,0.042234,0.019656,0.468772,0.88209,-0.823257,0.09606,0.136943,1.489279,-0.508948,-0.151563,-0.862547,0.011831,0.116663,1.472338,-0.509748,0.053024,-0.169914,-0.713486,0.267153,-0.53472,0.848574,1.330278,-0.408833,-0.077343,0.222119,0.519488,-0.656525
0.002378,0.459592,0.64692,0.041099,0.02694,0.427446,0.902704,-0.781297,0.083478,0.135686,1.580966,-0.541034,-0.188417,-0.900921,0.082319,0.168539,1.464633,-0.465284,0.075231,-0.164344,-0.639676,0.26983,-0.472709,0.900269,1.256069,-0.408236,-0.041944,0.198302,0.531856,-0.651478
-0.00887,0.457412,0.650673,0.037345,0.035887,0.383451,0.922108,-0.731027,0.025935,0.133846,1.6552,-0.55689,-0.243039,-0.941881,0.159744,0.220668,1.454503,-0.417302,0.103017,-0.16003,-0.566559,0.262763,-0.416429,0.919913,1.18657,-0.405462,-0.01826,0.16827,0.550379,-0.646017
-0.021353,0.455099,0.651783,0.033115,0.046614,0.340154,0.93863,-0.684435,-0.060253,0.1463,1.691296,-0.550637,-0.247192,-0.981267,0.232929,0.266181,1.431802,-0.366368,0.12853,-0.158859,-0.504776,0.258106,-0.380631,0.898798,1.135405,-0.389833,-0.00059,0.116335,0.558645,-0.619271
-0.034748,0.45242,0.65144,0.027054,0.057197,0.300274,0.951752,-0.6421,-0.148878,0.159153,1.683911,-0.53296,-0.245555,-1.018667,0.299503,0.29998,1.401652,-0.316156,0.14887,-0.159783,-0.459763,0.256408,-0.36113,0.850003,1.090354,-0.367284,0.020297,0.04696,0.568674,-0.554005
-0.048772,0.449125,0.649733,0.021008,0.067444,0.26069,0.962835,-0.611458,-0.19498,0.174011,1.644455,-0.482055,-0.197554,-1.050378,0.361181,0.326337,1.36222,-0.274695,0.166459,-0.160535,-0.431384,0.249876,-0.357117,0.786813,1.066652,-0.346719,0.026465,-0.004585,0.584328,-0.499798
-0.063499,0.444835,0.645489,0.012648,0.075797,0.220782,0.972291,-0.586144,-0.183385,0.207674,1.566495,-0.518253,-0.04102,-1.076605,0.422297,0.342118,1.310569,-0.233201,0.184404,-0.158705,-0.417791,0.241406,-0.35395,0.705387,1.079322,-0.33015,0.019946,-0.010327,0.611009,-0.489991
-0.078553,0.43991,0.644453,0.001918,0.083499,0.178841,0.980326,-0.566533,-0.139804,0.259041,1.475503,-0.624326,0.103256,-1.10657,0.483338,0.347645,1.250845,-0.168167,0.203948,-0.154441,-0.43551,0.228007,-0.332087,0.626495,1.111559,-0.312648,0.022893,-0.002065,0.62205,-0.48415
-0.094554,0.434213,0.649848,-0.004312,0.094747,0.144652,0.984926,-0.567215,-0.083599,0.340515,1.402865,-0.7023,0.196566,-1.131118,0.507862,0.338924,1.163006,-0.085413,0.245816,-0.161702,-0.467372,0.199336,-0.302633,0.546533,1.154143,-0.294713,0.030226,0.006247,0.628027,-0.460843
-0.110896,0.427495,0.654426,-0.002283,0.109407,0.111197,0.987755,-0.591789,-0.040525,0.420404,1.351606,-0.750007,0.236916,-1.169425,0.507352,0.21692,1.061069,0.01714,0.247743,-0.165398,-0.519837,0.170699,-0.28472,0.473735,1.212841,-0.277268,0.038257,0.002208,0.624749,-0.421794
-0.127029,0.420613,0.654711,0.007605,0.11881,0.049964,0.99163,-0.616602,0.017273,0.51819,1.325225,-0.787757,0.242489,-1.230683,0.45433,-0.043039,0.995868,0.093018,0.247809,-0.120903,-0.585179,0.138217,-0.285975,0.419049,1.252099,-0.256596,0.02605,0.020882,0.612044,-0.407193
-0.14201,0.414647,0.655177,0.006915,0.124807,0.002797,0.992153,-0.630984,0.076698,0.583898,1.296393,-0.813072,0.244442,-1.253465,0.325887,-0.098396,1.009647,-0.041578,0.247658,-0.092104,-0.649696,0.115818,-0.307928,0.375587,1.268112,-0.231055,-0.001456,0.053937,0.59963,-0.408721
-0.156015,0.408859,0.653768,0.002435,0.125596,-0.030412,0.991612,-0.642294,0.132087,0.621031,1.27997,-0.823622,0.245218,-1.257012,0.216185,0.00355,1.144232,-0.218049,0.244077,-0.083514,-0.704009,0.099462,-0.346954,0.337003,1.253529,-0.202732,-0.030762,0.059394,0.590439,-0.398224
-0.169156,0.403565,0.65551,-0.00096,0.125567,-0.058474,0.99036,-0.655208,0.186005,0.652038,1.280507,-0.817523,0.245293,-1.245751,0.121453,0.088525,1.326046,-0.321353,0.163537,-0.085178,-0.744134,0.082522,-0.383487,0.289124,1.194928,-0.183013,-0.053801,0.040539,0.583101,-0.379288
-0.180454,0.398901,0.656583,-0.004157,0.124605,-0.087902,0.988296,-0.666363,0.242837,0.679707,1.294602,-0.809113,0.244026,-1.212317,0.052158,0.160644,1.485315,-0.33594,0.041167,-0.091586,-0.7624,0.071821,-0.417608,0.238348,1.124803,-0.172316,-0.068235,0.00887,0.576696,-0.359242
-0.189748,0.394729,0.656559,-0.007898,0.123124,-0.11968,0.985117,-0.673691,0.308265,0.708413,1.321296,-0.797851,0.240215,-1.159179,-0.043044,0.213237,1.58388,-0.318708,-0.092625,-0.102595,-0.754677,0.051217,-0.439065,0.188175,1.03546,-0.163398,-0.081705,-0.013095,0.572275,-0.36846
-0.19674,0.390656,0.655329,-0.011041,0.120719,-0.155071,0.980438,-0.672941,0.376629,0.736566,1.353407,-0.799208,0.230357,-1.10436,-0.173074,0.224097,1.620908,-0.320859,-0.223462,-0.118044,-0.732047,0.034768,-0.459459,0.146759,0.955792,-0.153131,-0.088083,-0.025633,0.563693,-0.381767
-0.201357,0.386501,0.653545,-0.012535,0.117646,-0.198054,0.973025,-0.662923,0.443882,0.765185,1.384735,-0.812643,0.217195,-1.057761,-0.289774,0.193244,1.612498,-0.321389,-0.245134,-0.135488,-0.701166,0.030446,-0.481255,0.110677,0.901927,-0.144817,-0.090598,-0.026828,0.553243,-0.393281
-0.203024,0.382047,0.65207,-0.013697,0.114623,-0.251748,0.960884,-0.637576,0.514178,0.799935,1.414451,-0.835976,0.200114,-1.024926,-0.38358,0.11015,1.567168,-0.222686,-0.230662,-0.150259,-0.661771,0.035948,-0.496707,0.089793,0.870846,-0.14239,-0.095034,-0.010159,0.546645,-0.416577
-0.202624,0.376139,0.651412,-0.008536,0.109246,-0.31513,0.942701,-0.595868,0.582465,0.846869,1.449578,-0.843738,0.175143,-0.984801,-0.495408,-0.043276,1.493536,-0.199501,-0.090332,-0.161646,-0.617579,0.044425,-0.502892,0.087764,0.833284,-0.144657,-0.109309,0.019072,0.548976,-0.457658
-0.199661,0.369041,0.65408,-0.002464,0.101723,-0.386817,0.916526,-0.533421,0.645929,0.896391,1.483253,-0.834692,0.142637,-0.941583,-0.539378,-0.219306,1.435382,-0.334718,-0.208308,-0.169764,-0.570096,0.071102,-0.499475,0.105875,0.820788,-0.154821,-0.119126,0.052737,0.560731,-0.500039
-0.195347,0.360009,0.652499,0.00119,0.092807,-0.46212,0.881947,-0.469573,0.709335,0.913444,1.526362,-0.777702,0.091023,-0.906969,-0.523393,-0.327166,1.404859,-0.407762,-0.221793,-0.174479,-0.526591,0.1194,-0.495271,0.144108,0.865401,-0.167016,-0.129861,0.089904,0.57912,-0.552764
-0.18971,0.346647,0.652297,-0.00127,0.080769,-0.536259,0.840179,-0.423404,0.783208,0.855818,1.600911,-0.634353,0.045557,-0.908239,-0.419062,-0.280136,1.410587,-0.444903,-0.116723,-0.175506,-0.485483,0.180685,-0.502358,0.20883,0.984763,-0.173084,-0.150453,0.143985,0.59147,-0.618273
-0.182992,0.33128,0.643339,-0.004897,0.061239,-0.618751,0.783181,-0.437796,0.847168,0.64847,1.715376,-0.368824,0.026638,-0.89955,-0.255865,-0.156708,1.416528,-0.509454,0.032776,-0.152748,-0.43975,0.231834,-0.511468,0.308395,1.135233,-0.173869,-0.190752,0.214523,0.589049,-0.700822
-0.176055,0.312706,0.635786,-0.008372,0.035977,-0.706936,0.706312,-0.551909,0.772593,0.314664,1.827228,-0.095876,0.002668,-0.876362,-0.082266,-0.025038,1.421164,-0.554742,0.08097,-0.103555,-0.373345,0.251563,-0.476021,0.427465,1.239458,-0.179198,-0.230351,0.284717,0.568903,-0.791581
-0.168812,0.293344,0.634023,-0.017898,0.022544,-0.776468,0.629499,-0.629641,0.592301,0.11731,1.907751,-0.107231,0.06105,-0.841033,0.067842,0.071427,1.416427,-0.564167,0.089844,-0.078369,-0.295045,0.235748,-0.365756,0.538124,1.211544,-0.174487,-0.259785,0.325591,0.51972,-0.847781
-0.16113,0.273117,0.634837,-0.030176,0.019261,-0.832482,0.552894,-0.662631,0.462218,0.017084,1.948406,-0.251635,0.076004,-0.802771,0.203618,0.153729,1.403607,-0.560786,0.105647,-0.073888,-0.202686,0.204167,-0.194704,0.61755,1.080177,-0.188662,-0.273936,0.360052,0.478669,-0.865568
-0.153545,0.251797,0.637887,-0.038465,0.01723,-0.881995,0.469371,-0.680779,0.391322,-0.051389,1.930013,-0.358107,0.066574,-0.761308,0.32858,0.249162,1.384325,-0.552432,0.127669,-0.074793,-0.115131,0.17335,-0.015699,0.686805,0.928931,-0.20122,-0.272212,0.394247,0.435571,-0.867656
-0.145372,0.229496,0.642966,-0.04465,0.018831,-0.92254,0.382846,-0.697309,0.334985,-0.126733,1.857532,-0.448105,0.042548,-0.715295,0.432016,0.350045,1.35214,-0.542099,0.172151,-0.076291,-0.04052,0.147765,0.12907,0.74912,0.791686,-0.205307,-0.251978,0.416147,0.400475,-0.846603
-0.136524,0.205451,0.651215,-0.048038,0.024431,-0.95429,0.293984,-0.666296,0.231483,-0.243929,1.73829,-0.531365,-0.009494,-0.663499,0.503097,0.453532,1.296188,-0.526714,0.22966,-0.084581,0.024315,0.131388,0.208166,0.820944,0.708911,-0.200384,-0.236721,0.447334,0.37654,-0.83455
-0.128554,0.18129,0.664989,-0.045509,0.016924,-0.974058,0.221027,-0.577266,0.081726,-0.400104,1.594945,-0.569282,-0.09529,-0.594807,0.509702,0.557904,1.209867,-0.506236,0.24702,-0.124654,0.074403,0.118032,0.242513,0.891044,0.66539,-0.185823,-0.226992,0.482992,0.360949,-0.818442
-0.121833,0.157438,0.679338,-0.044905,0.005759,-0.987917,0.148222,-0.463329,-0.004329,-0.53417,1.434851,-0.568247,-0.136047,-0.520537,0.509399,0.660295,1.11736,-0.479026,0.247743,-0.169819,0.110426,0.100227,0.27259,0.942262,0.636671,-0.166544,-0.236883,0.51944,0.348089,-0.79808
-0.115373,0.133573,0.688873,-0.045325,-0.005142,-0.996657,0.06778,-0.313178,-0.07423,-0.664593,1.287155,-0.57134,-0.195679,-0.453741,0.509903,0.761712,1.021287,-0.440437,0.247803,-0.209609,0.136673,0.070724,0.312977,0.960634,0.603675,-0.158386,-0.276074,0.557671,0.333641,-0.791938
-0.108664,0.110262,0.696184,-0.04856,-0.013111,-0.998614,-0.015481,-0.18484,-0.101692,-0.680522,1.19992,-0.64278,-0.245334,-0.409206,0.510224,0.839345,0.938468,-0.39845,0.247805,-0.243834,0.150945,0.039946,0.357917,0.954452,0.564876,-0.160468,-0.326288,0.572826,0.32166,-0.782734
-0.101441,0.087702,0.696341,-0.05223,-0.01571,-0.993778,-0.09711,-0.143864,-0.044397,-0.525723,1.143004,-0.70931,-0.244487,-0.424649,0.50976,0.840332,0.88613,-0.348353,0.247799,-0.264646,0.144274,0.020136,0.402983,0.927196,0.52081,-0.168121,-0.376287,0.560887,0.307708,-0.77718
-0.094373,0.063908,0.691828,-0.047242,-0.005626,-0.980617,-0.190068,-0.125138,0.061254,-0.288948,1.082878,-0.7599,-0.212523,-0.539263,0.507054,0.729835,0.87207,-0.283259,0.247752,-0.241571,0.107248,0.020951,0.450297,0.9,0.479381,-0.166638,-0.412024,0.52252,0.285381,-0.789011
-0.088421,0.041929,0.68795,-0.0409,-0.002483,-0.960255,-0.276101,-0.098092,0.119296,-0.09684,1.023382,-0.78886,-0.179904,-0.658787,0.449473,0.58808,0.84983,-0.22765,0.246827,-0.207943,0.047512,0.041608,0.461727,0.892455,0.491152,-0.149077,-0.421538,0.470483,0.262965,-0.779819
-0.083437,0.022446,0.687788,-0.03642,-0.002188,-0.935911,-0.350342,-0.086565,0.146654,0.041949,1.019311,-0.793419,-0.162924,-0.74355,0.360577,0.421443,0.842751,-0.213338,0.224837,-0.183151,-0.021866,0.076685,0.422846,0.874893,0.547741,-0.135326,-0.413949,0.433707,0.243531,-0.74876
-0.079586,0.005849,0.687267,-0.037257,-0.005254,-0.907271,-0.41886,-0.068305,0.176247,0.189635,1.027578,-0.798134,-0.158081,-0.800793,0.260649,0.220074,0.88605,-0.213494,0.188141,-0.167708,-0.078133,0.117258,0.334998,0.85702,0.660707,-0.126247,-0.41086,0.427862,0.239361,-0.737608
-0.076797,-0.007504,0.688468,-0.040131,-0.008024,-0.875583,-0.481332,-0.03123,0.200404,0.330947,1.013364,-0.794135,-0.157715,-0.827227,0.170475,0.07407,0.975914,-0.21781,0.065438,-0.162094,-0.126925,0.144045,0.275254,0.78661,0.772689,-0.123196,-0.398535,0.440208,0.252,-0.731543
-0.074495,-0.017268,0.690326,-0.043691,-0.011382,-0.844651,-0.53341,0.009449,0.211958,0.450517,0.99085,-0.788901,-0.155844,-0.832908,0.079535,-0.011599,1.09081,-0.246029,-0.048963,-0.163763,-0.175307,0.154215,0.221789,0.688906,0.903456,-0.106281,-0.377431,0.442155,0.270028,-0.721028
-0.072246,-0.02383,0.692708,-0.045088,-0.013094,-0.81764,-0.573812,0.042643,0.21837,0.54205,0.967545,-0.782037,-0.15495,-0.822395,-0.021623,-0.057698,1.195419,-0.296586,-0.172349,-0.172298,-0.239207,0.14264,0.198562,0.571507,1.031117,-0.064818,-0.349585,0.427395,0.284138,-0.709481
-0.069409,-0.026977,0.695251,-0.047117,-0.014024,-0.794728,-0.604971,0.07648,0.221861,0.613584,0.942042,-0.7732,-0.158796,-0.801669,-0.126731,-0.055323,1.281196,-0.349704,-0.244392,-0.189163,-0.303026,0.107609,0.186809,0.439031,1.134672,-0.019012,-0.325311,0.405989,0.303651,-0.696622
-0.065856,-0.027077,0.698597,-0.047416,-0.012135,-0.773454,-0.63196,0.115065,0.229588,0.675453,0.910221,-0.759181,-0.167156,-0.773217,-0.221368,-0.01725,1.332041,-0.365862,-0.247636,-0.213369,-0.382079,0.062128,0.161166,0.328879,1.208645,0.021049,-0.303913,0.388552,0.319675,-0.686399
-0.061692,-0.024445,0.702743,-0.046115,-0.009279,-0.752004,-0.657478,0.159385,0.236639,0.735495,0.86864,-0.73761,-0.176814,-0.740233,-0.287981,0.030461,1.342525,-0.325466,-0.247164,-0.240161,-0.457356,0.045627,0.103003,0.238073,1.268682,0.056523,-0.2974,0.37206,0.339116,-0.684462
-0.056849,-0.019422,0.70686,-0.043079,-0.006446,-0.726814,-0.685452,0.207813,0.242266,0.799916,0.824022,-0.708089,-0.186343,-0.696503,-0.30485,0.048789,1.304188,-0.256297,-0.2323,-0.259129,-0.530113,0.056515,0.022211,0.155957,1.327481,0.084177,-0.291902,0.349349,0.362234,-0.683928
-0.051046,-0.012377,0.708626,-0.038603,-0.002438,-0.696414,-0.716597,0.253028,0.25475,0.858609,0.802912,-0.669394,-0.198489,-0.643229,-0.22926,0.117547,1.244665,-0.278295,0.050469,-0.26795,-0.598751,0.081506,-0.076064,0.083887,1.365729,0.096243,-0.286789,0.319998,0.395245,-0.679608
-0.045754,-0.003206,0.710595,-0.032845,0.002522,-0.659259,-0.751194,0.288934,0.276203,0.899633,0.826479,-0.624468,-0.205683,-0.596804,-0.140205,0.182394,1.183788,-0.370406,0.202054,-0.265817,-0.668939,0.12344,-0.185511,0.02692,1.380324,0.099284,-0.283095,0.290071,0.426547,-0.682758
-0.041157,0.006243,0.70872,-0.026528,0.007802,-0.614459,-0.788464,0.29891,0.31311,0.917839,0.909478,-0.527948,-0.179752,-0.568704,-0.081808,0.193671,1.128441,-0.432084,0.227947,-0.253231,-0.740729,0.167044,-0.291385,-0.021031,1.379553,0.08818,-0.279261,0.266923,0.460416,-0.692286
-0.037349,0.015988,0.707835,-0.018265,0.014368,-0.565257,-0.824588,0.265529,0.374117,0.88453,1.054538,-0.36977,-0.113376,-0.56249,-0.004334,0.221937,1.108616,-0.449905,0.208944,-0.233566,-0.812217,0.2034,-0.395618,-0.054648,1.377836,0.06249,-0.2726,0.256632,0.500043,-0.706136
-0.035734,0.026578,0.706233,-0.011917,0.022352,-0.513849,-0.857507,0.179985,0.433474,0.764344,1.233731,-0.195961,-0.058896,-0.546106,0.083557,0.280549,1.092672,-0.452094,0.209605,-0.205726,-0.886003,0.221937,-0.502263,-0.064558,1.398181,0.044008,-0.270547,0.260429,0.540709,-0.724707
-0.035641,0.037668,0.705603,-0.010116,0.029203,-0.463443,-0.885587,0.049477,0.426499,0.585365,1.395237,-0.075703,-0.010841,-0.523061,0.154014,0.346543,1.080724,-0.451521,0.216877,-0.173646,-0.953373,0.202455,-0.601055,-0.043936,1.414121,0.023285,-0.265143,0.258167,0.570644,-0.73604
-0.037514,0.048756,0.706113,-0.009531,0.033565,-0.427365,-0.903406,-0.086703,0.341073,0.401688,1.507419,-0.098761,-0.031817,-0.501836,0.194059,0.399308,1.071616,-0.450953,0.222617,-0.150346,-1.018904,0.152706,-0.697584,0.012826,1.437062,0.015606,-0.254559,0.254577,0.581815,-0.744705
-0.040657,0.060053,0.708109,-0.01034,0.034667,-0.403073,-0.914453,-0.181492,0.263894,0.263523,1.566288,-0.182437,-0.094662,-0.481907,0.208333,0.441185,1.056117,-0.44795,0.227086,-0.142178,-1.063825,0.079263,-0.783037,0.094385,1.44084,0.027949,-0.245666,0.258442,0.586643,-0.758985
-0.044394,0.071636,0.710844,-0.012075,0.034568,-0.385225,-0.922096,-0.23731,0.266352,0.18016,1.577537,-0.203739,-0.116847,-0.462388,0.20918,0.476184,1.037928,-0.443665,0.229998,-0.140936,-1.086716,-0.00343,-0.850161,0.194201,1.439471,0.039714,-0.238706,0.257489,0.581368,-0.771991
-0.048351,0.083537,0.713481,-0.014798,0.035015,-0.369488,-0.928458,-0.270158,0.329531,0.137942,1.543398,-0.197786,-0.10534,-0.441244,0.20557,0.509253,1.021175,-0.440751,0.232165,-0.139891,-1.083558,-0.081876,-0.894463,0.304102,1.425699,0.054355,-0.236703,0.251753,0.570535,-0.779593
-0.053064,0.095914,0.714911,-0.015083,0.037574,-0.357623,-0.932988,-0.284155,0.419801,0.126687,1.464374,-0.220858,-0.070932,-0.421344,0.199633,0.532193,1.008571,-0.440747,0.23597,-0.135116,-1.068259,-0.151338,-0.930602,0.41216,1.406313,0.076176,-0.23727,0.242079,0.55957,-0.780805
-0.058685,0.108837,0.71503,-0.014243,0.042773,-0.349723,-0.935768,-0.289247,0.474144,0.108503,1.363834,-0.24717,-0.04305,-0.401521,0.189393,0.544483,1.002344,-0.44351,0.240638,-0.12595,-1.041929,-0.200383,-0.964873,0.510941,1.387384,0.104327,-0.244871,0.228909,0.553191,-0.777677
-0.065119,0.121928,0.714516,-0.017114,0.048461,-0.345784,-0.936906,-0.293463,0.453373,0.038405,1.270585,-0.251809,-0.051854,-0.383774,0.167857,0.549769,1.00686,-0.448098,0.244342,-0.113655,-1.001374,-0.231197,-0.99399,0.590666,1.362755,0.1351,-0.266534,0.216586,0.554338,-0.777555
-0.072666,0.134744,0.714354,-0.022839,0.053805,-0.347737,-0.935768,-0.289837,0.363892,-0.091985,1.198061,-0.254531,-0.096477,-0.368732,0.132375,0.544234,1.01562,-0.451301,0.246535,-0.100499,-0.951888,-0.234244,-1.016552,0.647433,1.332397,0.167537,-0.297563,0.200512,0.564755,-0.77537
-0.082093,0.147478,0.716902,-0.027749,0.059181,-0.35656,-0.931983,-0.268513,0.24593,-0.252425,1.165949,-0.259229,-0.148946,-0.355354,0.089842,0.529316,1.02812,-0.452371,0.247496,-0.089587,-0.89622,-0.218048,-1.021759,0.691877,1.301039,0.194265,-0.329046,0.183274,0.581316,-0.767587
-0.093022,0.159333,0.715713,-0.030064,0.064626,-0.370948,-0.925914,-0.238373,0.154019,-0.381916,1.164648,-0.295119,-0.240161,-0.341592,0.050057,0.509618,1.034996,-0.449439,0.247753,-0.082737,-0.837827,-0.178093,-1.008609,0.730926,1.26835,0.223352,-0.356468,0.169158,0.613721,-0.761326
-0.105582,0.170299,0.711721,-0.031438,0.069777,-0.388397,-0.918309,-0.209175,0.087904,-0.449098,1.15378,-0.339297,-0.247431,-0.325476,0.012332,0.492982,1.034513,-0.43932,0.247752,-0.080006,-0.78365,-0.119507,-0.977918,0.77662,1.243498,0.246975,-0.377823,0.150973,0.658591,-0.758853
-0.119976,0.180317,0.710746,-0.031252,0.073843,-0.405548,-0.91055,-0.195499,0.053711,-0.48239,1.141051,-0.391432,-0.247716,-0.311107,-0.022651,0.479974,1.027938,-0.419721,0.247758,-0.077575,-0.735897,-0.048166,-0.926817,0.81987,1.203783,0.265911,-0.390851,0.12227,0.703871,-0.754603
-0.136934,0.189582,0.70979,-0.028152,0.076843,-0.420656,-0.903522,-0.210039,0.050544,-0.467281,1.146157,-0.451755,-0.247208,-0.302433,-0.053438,0.472385,1.013047,-0.38244,0.247773,-0.074855,-0.700903,0.040002,-0.857897,0.863269,1.16469,0.276257,-0.396505,0.084791,0.737412,-0.740646
-0.156642,0.198313,0.709809,-0.022047,0.0764,-0.432247,-0.898242,-0.242583,0.052378,-0.430733,1.157697,-0.500541,-0.235158,-0.30176,-0.082548,0.473437,0.981613,-0.32908,0.247773,-0.071588,-0.666889,0.137492,-0.759815,0.88754,1.115793,0.270327,-0.40232,0.048473,0.751019,-0.728962
-0.179054,0.206792,0.711952,-0.013604,0.072362,-0.43686,-0.896511,-0.278573,0.042973,-0.388902,1.164979,-0.523294,-0.195399,-0.308408,-0.110202,0.487414,0.925967,-0.262056,0.247759,-0.069445,-0.62414,0.249145,-0.639505,0.891094,1.053243,0.245405,-0.414182,0.022707,0.745734,-0.727779
-0.203535,0.215127,0.716726,-0.00375,0.066175,-0.427577,-0.901546,-0.310731,0.034291,-0.338895,1.162473,-0.516663,-0.152007,-0.32747,-0.142049,0.495743,0.842872,-0.17686,0.247307,-0.067773,-0.553628,0.380282,-0.505423,0.876977,0.99179,0.193843,-0.429076,0.021241,0.729385,-0.737311
-0.228858,0.222762,0.725955,0.006538,0.058847,-0.404797,-0.912488,-0.339923,0.038284,-0.273909,1.15068,-0.495881,-0.112107,-0.363432,-0.183396,0.456607,0.746867,-0.092012,0.235905,-0.065664,-0.444213,0.511422,-0.349136,0.854617,0.91725,0.12158,-0.447064,0.057662,0.700047,-0.770358
-0.254128,0.229948,0.733225,0.013142,0.049942,-0.367004,-0.928785,-0.364179,0.056932,-0.187341,1.132762,-0.467485,-0.078026,-0.403307,-0.241553,0.28783,0.658027,-0.051785,0.155318,-0.059947,-0.280435,0.638719,-0.184741,0.842708,0.843373,0.025198,-0.470351,0.12338,0.668458,-0.810075
-0.278651,0.237012,0.739206,0.017068,0.043381,-0.321361,-0.945809,-0.377972,0.087677,-0.092847,1.112955,-0.440564,-0.050988,-0.42197,-0.253956,0.129502,0.639944,-0.086776,0.104993,-0.057496,-0.051962,0.729884,-0.006552,0.863432,0.76121,-0.105571,-0.485324,0.22226,0.643492,-0.847276
-0.302861,0.244732,0.744051,0.01693,0.040451,-0.273572,-0.960851,-0.380662,0.115039,0.002825,1.093759,-0.414912,-0.026491,-0.427922,-0.24615,0.004888,0.713647,-0.151955,0.106612,-0.056702,0.214778,0.751505,0.127412,0.905808,0.691983,-0.232939,-0.503202,0.333556,0.59592,-0.867165
-0.326819,0.253244,0.747546,0.008239,0.038732,-0.222385,-0.974154,-0.372942,0.131329,0.10836,1.073264,-0.389881,-0.00326,-0.413074,-0.273255,-0.136288,0.836472,-0.251553,0.051634,-0.054592,0.472014,0.700742,0.205118,0.991015,0.660058,-0.358096,-0.53238,0.447955,0.519488,-0.858995
-0.351008,0.262615,0.75078,-0.004043,0.037847,-0.17207,-0.984349,-0.35692,0.137644,0.216646,1.038294,-0.357431,0.020972,-0.37166,-0.313017,-0.251059,0.966852,-0.313481,-0.005637,-0.051698,0.674039,0.587192,0.263445,1.100538,0.645165,-0.485051,-0.572446,0.571298,0.422133,-0.826779
-0.375411,0.272237,0.753544,-0.017122,0.037826,-0.125853,-0.99118,-0.3398,0.136891,0.319649,0.994242,-0.318773,0.04544,-0.310516,-0.329828,-0.314542,1.075839,-0.363366,-0.037824,-0.047652,0.801023,0.435649,0.335469,1.211873,0.623309,-0.609618,-0.615524,0.679555,0.318171,-0.781464
-0.400111,0.28131,0.755508,-0.030188,0.038087,-0.083746,-0.995301,-0.329176,0.130429,0.40917,0.950009,-0.281046,0.066117,-0.234018,-0.341953,-0.351662,1.153212,-0.377322,-0.008088,-0.041774,0.862035,0.25221,0.43039,1.238509,0.581632,-0.720807,-0.642164,0.754662,0.225546,-0.745938
-0.425154,0.28931,0.757213,-0.040046,0.038383,-0.050805,-0.997167,-0.327921,0.117756,0.469011,0.902095,-0.242052,0.076857,-0.155698,-0.328675,-0.350112,1.192733,-0.327667,0.019132,-0.035846,0.900718,0.079929,0.563424,1.246597,0.514698,-0.809452,-0.67245,0.790475,0.141172,-0.718402
-0.450976,0.295859,0.758692,-0.046813,0.038677,-0.025458,-0.99783,-0.335362,0.101988,0.50091,0.852493,-0.199768,0.076847,-0.092938,-0.278959,-0.295048,1.19581,-0.229585,0.062405,-0.028372,0.894066,-0.078185,0.662609,1.215515,0.456828,-0.8557,-0.700648,0.788829,0.061356,-0.707357
-0.478665,0.300611,0.759509,-0.053957,0.036985,-0.001394,-0.997857,-0.356705,0.091568,0.526051,0.811125,-0.150339,0.070186,-0.044188,-0.225278,-0.222046,1.154363,-0.14555,0.09946,-0.016037,0.845036,-0.193678,0.711826,1.178024,0.428349,-0.861717,-0.716286,0.750574,-0.015401,-0.708728
-0.508773,0.30307,0.759715,-0.060217,0.031567,0.021616,-0.997452,-0.397417,0.098515,0.552129,0.786032,-0.091213,0.058595,-0.011523,-0.184309,-0.152059,1.059769,-0.163575,0.070298,-0.001017,0.759537,-0.249163,0.724991,1.156746,0.44123,-0.82834,-0.713196,0.693345,-0.081431,-0.688662
-0.541116,0.303289,0.759061,-0.06533,0.022806,0.041743,-0.996729,-0.459207,0.115988,0.558434,0.779532,-0.033554,0.009366,-0.00244,-0.146795,-0.083067,0.939835,-0.249263,0.051334,0.010614,0.643379,-0.251935,0.701926,1.126249,0.493598,-0.777268,-0.695163,0.639513,-0.132425,-0.682783
-0.574378,0.301384,0.757681,-0.06927,0.013945,0.059335,-0.995734,-0.542732,0.126377,0.506286,0.796201,0.024026,-0.099417,-0.027592,-0.119862,-0.036391,0.876063,-0.381964,0.044703,0.016618,0.517344,-0.206395,0.633438,1.088357,0.596083,-0.712073,-0.66358,0.604588,-0.157036,-0.660188
-0.608565,0.298355,0.758426,-0.071837,0.008052,0.066601,-0.995158,-0.649298,0.06194,0.34462,0.815538,0.043999,-0.240863,-0.073909,-0.112641,-0.052566,0.857897,-0.485975,-0.00757,0.012468,0.386436,-0.124926,0.525092,1.013638,0.712455,-0.646237,-0.648086,0.587636,-0.148411,-0.661558
-0.642592,0.294569,0.752555,-0.068737,0.007006,0.055212,-0.996081,-0.704079,-0.062212,0.162495,0.843956,-0.00788,-0.247507,-0.120476,-0.108067,-0.112227,0.868678,-0.571627,-0.052154,-0.012184,0.273299,-0.003715,0.386421,0.943801,0.855393,-0.566379,-0.638997,0.572063,-0.117444,-0.674197
-0.677145,0.290038,0.743654,-0.067477,0.007991,0.036277,-0.997029,-0.714119,-0.045755,0.098796,0.945242,-0.096652,-0.247536,-0.16814,-0.108264,-0.172125,0.874825,-0.628372,-0.095471,-0.041932,0.15097,0.128855,0.261467,0.876641,0.986302,-0.466804,-0.625687,0.545324,-0.072644,-0.685311
-0.71167,0.284086,0.739819,-0.066861,0.0075,0.019981,-0.997534,-0.702372,0.096083,0.130984,1.097115,-0.145093,-0.241805,-0.226479,-0.098112,-0.198413,0.888582,-0.64751,-0.133563,-0.057966,0.002669,0.25029,0.186743,0.81479,1.067923,-0.353829,-0.608005,0.502292,-0.032821,-0.682641
-0.745164,0.277278,0.737555,-0.068972,0.004985,0.010025,-0.997556,-0.655181,0.201441,0.175557,1.242043,-0.160662,-0.119998,-0.288852,-0.091279,-0.211062,0.897885,-0.64239,-0.166842,-0.057427,-0.16088,0.333807,0.151877,0.762559,1.106289,-0.231141,-0.584876,0.442836,0.001926,-0.655431
-0.776548,0.270337,0.734859,-0.066658,0.002753,0.00037,-0.997772,-0.58794,0.19807,0.162029,1.359847,-0.182023,-0.098478,-0.348924,-0.085824,-0.232446,0.913485,-0.61795,-0.194299,-0.051379,-0.319066,0.393936,0.11819,0.718676,1.129683,-0.107031,-0.56854,0.384949,0.03028,-0.641673
-0.80589,0.262822,0.731877,-0.061761,0.000185,-0.012899,-0.998008,-0.501444,0.120856,0.116729,1.424849,-0.196617,-0.155632,-0.399167,-0.083529,-0.267004,0.918099,-0.590339,-0.217382,-0.052968,-0.464942,0.42515,0.072259,0.674206,1.144355,0.016453,-0.534309,0.316436,0.045957,-0.64373
-0.833875,0.254316,0.728679,-0.056696,-0.003227,-0.030227,-0.997929,-0.397596,0.063885,0.103002,1.41693,-0.191635,-0.18547,-0.441513,-0.085432,-0.310167,0.908532,-0.558603,-0.231109,-0.066661,-0.590944,0.450644,-0.002541,0.623859,1.164453,0.126558,-0.482588,0.245142,0.056526,-0.643917
-0.861362,0.245607,0.723,-0.049579,-0.009486,-0.047463,-0.997597,-0.28872,0.071389,0.130924,1.320934,-0.186988,-0.143243,-0.496292,-0.088993,-0.352567,0.911659,-0.533913,-0.231915,-0.085837,-0.706317,0.48699,-0.112716,0.564937,1.20104,0.214304,-0.421312,0.173003,0.068982,-0.646484
-0.888452,0.236922,0.713506,-0.046539,-0.019442,-0.065151,-0.9966,-0.208844,0.06989,0.143268,1.149767,-0.37142,-0.125547,-0.571734,-0.111609,-0.388505,0.94535,-0.525726,-0.215396,-0.104385,-0.821908,0.519107,-0.226523,0.497059,1.234653,0.281038,-0.360804,0.092974,0.078789,-0.64421
-0.914207,0.228087,0.703611,-0.048886,-0.030969,-0.088187,-0.994422,-0.192975,0.063541,0.144159,1.032857,-0.590025,-0.14223,-0.659296,-0.157545,-0.41216,1.005915,-0.527265,-0.171256,-0.121209,-0.946739,0.544227,-0.340785,0.42962,1.293029,0.336233,-0.308083,0.008954,0.08804,-0.643423
-0.940395,0.217584,0.694037,-0.045467,-0.038884,-0.121597,-0.990775,-0.242023,0.06534,0.12444,1.003101,-0.731623,-0.123406,-0.741684,-0.213233,-0.431792,1.083567,-0.514455,-0.128246,-0.131127,-1.077777,0.535854,-0.443783,0.379793,1.332243,0.386604,-0.251659,-0.05713,0.109122,-0.636132
-0.96433,0.206538,0.687083,-0.044783,-0.039682,-0.152318,-0.986519,-0.319964,0.055371,0.07875,1.054265,-0.768688,-0.117123,-0.798319,-0.266491,-0.403563,1.190345,-0.513249,-0.133661,-0.135395,-1.176113,0.501669,-0.511567,0.354734,1.357191,0.408753,-0.234309,-0.08146,0.175141,-0.644396
-0.986909,0.194596,0.679753,-0.042369,-0.034637,-0.171919,-0.98359,-0.395396,0.056741,0.042161,1.131078,-0.771079,-0.125601,-0.829792,-0.298082,-0.334622,1.327261,-0.5172,-0.139534,-0.135838,-1.234353,0.478,-0.549005,0.359367,1.356871,0.402319,-0.250233,-0.049328,0.287043,-0.68837
-1.007565,0.181799,0.6736,-0.046897,-0.028346,-0.178939,-0.982333,-0.444949,0.062001,0.033201,1.177264,-0.759421,-0.141626,-0.822671,-0.339892,-0.252668,1.466048,-0.530855,-0.153837,-0.135573,-1.252755,0.489188,-0.569594,0.386774,1.348412,0.363967,-0.289169,0.006122,0.416737,-0.744986
-1.026956,0.168588,0.66949,-0.050352,-0.022902,-0.179934,-0.982122,-0.483548,0.073752,0.030778,1.198843,-0.736093,-0.161836,-0.77963,-0.398989,-0.176223,1.575833,-0.519979,-0.178298,-0.138427,-1.230462,0.524882,-0.584402,0.437092,1.330407,0.308863,-0.328449,0.046887,0.544939,-0.797768
-1.044776,0.155118,0.665322,-0.05813,-0.018988,-0.178969,-0.981952,-0.517247,0.080409,0.035249,1.213233,-0.710531,-0.179983,-0.712631,-0.473949,-0.100779,1.646075,-0.492748,-0.225619,-0.144298,-1.190618,0.60593,-0.613985,0.500457,1.343199,0.258312,-0.362199,0.042272,0.633964,-0.797444
-1.061124,0.142151,0.661891,-0.065163,-0.016632,-0.174763,-0.982311,-0.545768,0.088832,0.043478,1.219505,-0.683005,-0.193487,-0.627823,-0.569498,-0.041831,1.656683,-0.41524,-0.246284,-0.153114,-1.124742,0.697822,-0.642081,0.591895,1.357703,0.220814,-0.390326,-0.000492,0.660024,-0.773332
-1.075775,0.129366,0.658796,-0.074003,-0.015,-0.157483,-0.984631,-0.561646,0.109845,0.068661,1.223324,-0.660816,-0.2071,-0.537925,-0.662441,-0.00643,1.603674,-0.328421,-0.241742,-0.163735,-1.015538,0.797191,-0.636808,0.690056,1.330842,0.185567,-0.43541,-0.030024,0.632929,-0.762486
-1.08909,0.11565,0.656535,-0.08525,-0.013848,-0.117459,-0.989315,-0.56266,0.157704,0.117898,1.230998,-0.643335,-0.222529,-0.468147,-0.685689,0.020275,1.496318,-0.334152,-0.117823,-0.167626,-0.84571,0.90786,-0.562706,0.791045,1.241221,0.118269,-0.501814,-0.031042,0.589641,-0.763241
-1.101204,0.101361,0.654708,-0.092722,-0.015928,-0.05661,-0.993954,-0.556056,0.238889,0.18175,1.248262,-0.632909,-0.234815,-0.436521,-0.611103,0.093014,1.390984,-0.571608,0.10839,-0.16179,-0.594475,1.007276,-0.409906,0.889036,1.097997,0.000476,-0.567569,0.01123,0.549677,-0.778027
-1.111658,0.086326,0.650788,-0.095281,-0.017479,0.023839,-0.995011,-0.533234,0.350263,0.25097,1.279319,-0.622868,-0.240285,-0.458569,-0.524429,0.167917,1.308109,-0.791552,0.240412,-0.150135,-0.237933,1.034878,-0.179257,0.972588,0.911494,-0.175637,-0.597952,0.101352,0.537925,-0.799505
-1.11989,0.072369,0.651372,-0.090096,-0.018619,0.108138,-0.98987,-0.496686,0.464546,0.307819,1.313492,-0.603967,-0.193075,-0.519246,-0.371564,0.278421,1.309032,-0.856027,0.247426,-0.133744,0.157589,0.932279,0.086518,1.015471,0.731629,-0.345617,-0.58237,0.198924,0.534165,-0.813513
-1.125526,0.060301,0.650964,-0.082616,-0.020405,0.180938,-0.979806,-0.477985,0.548969,0.339571,1.347663,-0.588669,-0.026755,-0.596006,-0.253336,0.346564,1.363728,-0.857205,0.247752,-0.11089,0.471444,0.718375,0.312602,1.010547,0.597112,-0.471233,-0.552811,0.263209,0.526359,-0.815469
-1.129364,0.050682,0.647179,-0.07171,-0.022722,0.232368,-0.969715,-0.488045,0.580504,0.334007,1.375935,-0.576774,0.221314,-0.638479,-0.16208,0.377845,1.40127,-0.85713,0.247777,-0.081853,0.651973,0.475391,0.441626,0.993786,0.521953,-0.530507,-0.523837,0.269402,0.501466,-0.777583
-1.131933,0.042578,0.644962,-0.061239,-0.025567,0.267306,-0.961324,-0.524206,0.563655,0.288861,1.414356,-0.580237,0.245853,-0.654929,-0.092786,0.392814,1.410164,-0.857195,0.247761,-0.048926,0.717014,0.256787,0.498354,0.993515,0.495734,-0.539062,-0.503096,0.24433,0.466059,-0.7357
-1.133619,0.034989,0.643714,-0.055959,-0.029924,0.292103,-0.954279,-0.565554,0.541992,0.273745,1.455797,-0.594963,0.238522,-0.668661,-0.040805,0.406681,1.416199,-0.857297,0.24775,-0.020769,0.719888,0.076374,0.521603,1.009138,0.487912,-0.515133,-0.493864,0.213836,0.430555,-0.707968
-1.134312,0.027369,0.643166,-0.053249,-0.031868,0.307403,-0.949554,-0.6207,0.49782,0.250853,1.499843,-0.600049,0.195249,-0.672604,-0.007174,0.415602,1.423016,-0.857573,0.247732,0.003648,0.692029,-0.043977,0.505143,1.016031,0.498467,-0.467148,-0.485232,0.17893,0.405141,-0.691203
-1.134335,0.01908,0.643888,-0.05122,-0.034724,0.306074,-0.949994,-0.681645,0.489421,0.265767,1.524524,-0.595871,0.171237,-0.666969,0.003093,0.405541,1.423221,-0.857946,0.24759,0.018791,0.643503,-0.089575,0.47052,1.005009,0.517433,-0.403692,-0.468791,0.134718,0.395119,-0.655037
-1.133513,0.010162,0.646062,-0.050001,-0.037431,0.289338,-0.955187,-0.741352,0.482479,0.297354,1.519123,-0.586445,0.154333,-0.650603,-0.009513,0.377713,1.41503,-0.858336,0.245998,0.025597,0.584303,-0.062782,0.415255,0.979401,0.578354,-0.335115,-0.460777,0.107789,0.411792,-0.621696
-1.13169,0.000261,0.64896,-0.04901,-0.038878,0.262038,-0.963028,-0.799019,0.476144,0.33322,1.49587,-0.569119,0.119843,-0.625361,-0.033592,0.333663,1.405104,-0.858657,0.23558,0.026294,0.514585,-0.005627,0.409181,0.915255,0.604243,-0.27531,-0.459638,0.100143,0.44902,-0.598907
-1.128543,-0.010553,0.652095,-0.048022,-0.039322,0.226869,-0.971946,-0.850864,0.461154,0.362062,1.462608,-0.548727,0.080055,-0.592575,-0.064262,0.274873,1.393821,-0.858718,0.213938,0.024984,0.428373,0.067715,0.405826,0.845029,0.625689,-0.219738,-0.456065,0.092587,0.499497,-0.584051
-1.123535,-0.021736,0.654968,-0.045992,-0.038839,0.183891,-0.981102,-0.894713,0.442404,0.384984,1.422675,-0.520778,0.047332,-0.549344,-0.102383,0.200162,1.378328,-0.859061,0.189256,0.025121,0.3184,0.152335,0.387996,0.78109,0.653829,-0.168151,-0.443304,0.074659,0.558831,-0.573925
-1.116373,-0.032938,0.656705,-0.043581,-0.037874,0.135724,-0.989063,-0.931553,0.409797,0.385937,1.382072,-0.487723,0.021925,-0.494057,-0.144721,0.112313,1.356332,-0.85966,0.165489,0.02813,0.184605,0.23831,0.334666,0.735691,0.713995,-0.119162,-0.418884,0.052909,0.625367,-0.565585
-1.106838,-0.043724,0.65301,-0.040479,-0.036886,0.08506,-0.99487,-0.946519,0.366512,0.370667,1.350149,-0.454639,0.049632,-0.429434,-0.185453,0.015394,1.338357,-0.862515,0.145495,0.034355,0.029451,0.311281,0.236238,0.71464,0.820647,-0.07105,-0.385225,0.031383,0.694161,-0.563886
-1.095344,-0.054254,0.654624,-0.036161,-0.037501,0.033005,-0.998097,-0.9615,0.324448,0.346768,1.352187,-0.449837,0.066185,-0.359989,-0.216469,-0.092581,1.31254,-0.863461,0.129137,0.043806,-0.151491,0.347634,0.127139,0.712882,0.933806,-0.03833,-0.345559,0.031,0.764714,-0.567076
-1.080876,-0.064343,0.655804,-0.032726,-0.039886,-0.018409,-0.998498,-0.979194,0.269278,0.306325,1.369197,-0.453898,0.066748,-0.28742,-0.237668,-0.205195,1.282434,-0.863947,0.111531,0.055153,-0.330043,0.332419,0.008307,0.723513,1.044989,-0.010928,-0.304408,0.037908,0.825743,-0.581309
-1.063937,-0.073684,0.655881,-0.031039,-0.044404,-0.069284,-0.996125,-0.996868,0.203246,0.262395,1.384848,-0.45248,0.073776,-0.212496,-0.248308,-0.31827,1.24785,-0.864421,0.089158,0.065248,-0.489707,0.264797,-0.106375,0.732316,1.128223,0.010551,-0.267469,0.050158,0.869298,-0.6024
-1.04452,-0.081801,0.651263,-0.028759,-0.0499,-0.121397,-0.990932,-1.009678,0.137472,0.220326,1.398526,-0.461878,0.063329,-0.14284,-0.24701,-0.431696,1.2349,-0.862895,0.071744,0.073208,-0.618924,0.171611,-0.229759,0.74562,1.217037,0.02443,-0.234459,0.05904,0.895347,-0.621245
-1.023932,-0.088812,0.641305,-0.027253,-0.055241,-0.170643,-0.983406,-1.01741,0.07485,0.178726,1.412972,-0.479864,0.043899,-0.105181,-0.245057,-0.521813,1.274922,-0.857422,0.043181,0.076682,-0.714545,0.058591,-0.347821,0.770368,1.295175,0.033647,-0.209761,0.074397,0.909085,-0.643319
-1.002259,-0.094353,0.633254,-0.028017,-0.058303,-0.213363,-0.974829,-1.011852,0.016767,0.137708,1.425593,-0.501011,0.0205,-0.107538,-0.261079,-0.566741,1.381208,-0.767448,-0.010701,0.074099,-0.761859,-0.059152,-0.438767,0.786457,1.340158,0.035573,-0.199724,0.098064,0.915554,-0.672278
-0.979245,-0.099332,0.630067,-0.028693,-0.059203,-0.245923,-0.967054,-0.990462,-0.029912,0.09258,1.431396,-0.527579,-0.003417,-0.146551,-0.295451,-0.554065,1.508204,-0.56145,-0.012048,0.065604,-0.768629,-0.149718,-0.513186,0.80205,1.374135,0.023778,-0.197332,0.115148,0.904927,-0.691445
-0.955397,-0.103767,0.629541,-0.025767,-0.056572,-0.268469,-0.96128,-0.954699,-0.055014,0.040995,1.434371,-0.56144,-0.029482,-0.213497,-0.31833,-0.499312,1.634916,-0.365813,0.010858,0.051987,-0.752205,-0.204004,-0.56536,0.816433,1.396631,0.000292,-0.199136,0.125952,0.874428,-0.701433
-0.931341,-0.108059,0.631574,-0.021388,-0.052111,-0.280927,-0.958075,-0.910128,-0.058716,-0.009346,1.433254,-0.596793,-0.056673,-0.294577,-0.330699,-0.440636,1.747425,-0.30841,0.000787,0.04056,-0.722921,-0.220627,-0.586459,0.819356,1.397089,-0.019741,-0.211451,0.12805,0.816941,-0.704107
-0.907458,-0.112428,0.635119,-0.017921,-0.0476,-0.280143,-0.95861,-0.860011,-0.038852,-0.046844,1.428075,-0.631357,-0.083389,-0.362208,-0.391973,-0.398964,1.823531,-0.366248,-0.024033,0.032574,-0.690214,-0.202196,-0.581803,0.831524,1.391463,-0.030002,-0.232193,0.136448,0.736748,-0.713026
-0.883218,-0.117252,0.639841,-0.015626,-0.040616,-0.270941,-0.961612,-0.797871,-0.000976,-0.073127,1.4144,-0.663399,-0.112778,-0.440155,-0.470299,-0.334222,1.859009,-0.401272,-0.071534,0.021143,-0.653926,-0.152798,-0.545504,0.850601,1.372478,-0.033877,-0.258172,0.135339,0.627798,-0.704288
-0.858035,-0.122791,0.645984,-0.014081,-0.031699,-0.258262,-0.965452,-0.722744,0.047734,-0.090787,1.385439,-0.689075,-0.145666,-0.527244,-0.522284,-0.259136,1.837371,-0.432606,-0.086989,0.008536,-0.60767,-0.088528,-0.486848,0.872425,1.336216,-0.02513,-0.288571,0.129246,0.497557,-0.697125
-0.831827,-0.129319,0.653327,-0.013351,-0.022066,-0.240659,-0.970267,-0.636405,0.10694,-0.095357,1.340405,-0.707067,-0.180553,-0.617175,-0.54851,-0.178126,1.76477,-0.448402,-0.091135,-0.004568,-0.552105,-0.007781,-0.418947,0.905049,1.291578,-0.002899,-0.315396,0.113836,0.358048,-0.675526
-0.804351,-0.136864,0.662115,-0.014332,-0.014494,-0.219004,-0.975511,-0.539258,0.169675,-0.081691,1.272563,-0.712075,-0.212531,-0.691716,-0.561775,-0.108111,1.638828,-0.450643,-0.070609,-0.017088,-0.479918,0.079216,-0.334361,0.948551,1.235061,0.023977,-0.34002,0.10074,0.228957,-0.663615
-0.775204,-0.14541,0.672307,-0.016853,-0.009934,-0.194021,-0.980802,-0.427672,0.229712,-0.047808,1.176826,-0.700438,-0.23558,-0.747816,-0.551321,-0.046459,1.465728,-0.416619,-0.037461,-0.02803,-0.386446,0.172073,-0.254215,1.001756,1.183623,0.049539,-0.367012,0.106248,0.125721,-0.679561
-0.744587,-0.155618,0.682394,-0.020096,-0.008278,-0.165665,-0.985943,-0.309428,0.28636,0.005784,1.068133,-0.668347,-0.246248,-0.777445,-0.501891,0.015003,1.261015,-0.388597,0.033139,-0.038364,-0.275319,0.268072,-0.186024,1.054813,1.152233,0.069219,-0.389062,0.12104,0.058239,-0.699742
-0.712483,-0.167457,0.693494,-0.020845,-0.007678,-0.136789,-0.990351,-0.190424,0.341203,0.066787,0.963953,-0.613459,-0.247566,-0.768634,-0.441494,0.056917,1.040331,-0.373107,0.11973,-0.048894,-0.148457,0.356301,-0.101041,1.105666,1.110987,0.077908,-0.390984,0.147184,0.030675,-0.69571
-0.680624,-0.180381,0.700215,-0.018707,-0.009689,-0.111463,-0.993545,-0.090887,0.389594,0.119567,0.875864,-0.529617,-0.246741,-0.745988,-0.382035,0.086287,0.862875,-0.299292,0.18769,-0.058283,-0.008398,0.428319,-0.00465,1.140651,1.055958,0.076307,-0.376668,0.175889,0.034835,-0.666071
-0.649727,-0.194756,0.702619,-0.015727,-0.010242,-0.091986,-0.995583,-0.021477,0.432691,0.148035,0.831982,-0.428073,-0.235731,-0.715083,-0.30495,0.112893,0.803592,-0.198273,0.245101,-0.063972,0.131712,0.482793,0.074616,1.160392,1.013765,0.076971,-0.351043,0.192674,0.059349,-0.641243
-0.620794,-0.209272,0.701899,-0.013431,-0.007276,-0.082256,-0.996494,0.010526,0.469409,0.148334,0.843333,-0.320865,-0.173007,-0.706492,-0.252305,0.131489,0.879036,-0.201909,0.246885,-0.06743,0.251899,0.525897,0.15391,1.168459,0.976529,0.079188,-0.31943,0.19067,0.104802,-0.616146
-0.594175,-0.223698,0.700647,-0.01278,-0.003359,-0.076375,-0.996992,0.004039,0.502419,0.128027,0.911526,-0.234609,-0.073868,-0.708622,-0.225029,0.115646,0.978869,-0.263501,0.245535,-0.064122,0.347572,0.559231,0.239552,1.171162,0.942993,0.075196,-0.278225,0.161291,0.166648,-0.594266
-0.570792,-0.236761,0.696287,-0.010505,-0.000788,-0.071914,-0.997355,-0.037331,0.52904,0.107773,1.018677,-0.224712,0.028759,-0.708195,-0.201303,0.094865,1.063497,-0.334413,0.229197,-0.058601,0.409707,0.572356,0.318575,1.162942,0.916033,0.060478,-0.237662,0.115978,0.243949,-0.565005
-0.550463,-0.24792,0.692833,-0.009069,-0.001003,-0.068879,-0.997583,-0.114494,0.503714,0.055322,1.152145,-0.282285,0.054995,-0.703566,-0.18109,0.077759,1.122157,-0.39676,0.213599,-0.048809,0.431546,0.553938,0.397915,1.137816,0.88357,0.03482,-0.195618,0.054621,0.33039,-0.526172
-0.532788,-0.256898,0.6926,-0.01162,-0.002444,-0.071195,-0.997392,-0.207606,0.439562,0.016077,1.274329,-0.340789,0.036469,-0.690061,-0.174946,0.065967,1.154028,-0.443351,0.199277,-0.04011,0.413004,0.516716,0.468832,1.132008,0.870948,0.010765,-0.179421,0.005089,0.414795,-0.516368
-0.517148,-0.26385,0.696605,-0.014725,-0.006169,-0.079665,-0.996694,-0.304786,0.383017,0.035772,1.355788,-0.390966,0.041731,-0.666346,-0.182061,0.049151,1.154758,-0.470487,0.188081,-0.034746,0.349723,0.447731,0.509099,1.10717,0.866129,-0.007051,-0.175998,-0.022856,0.499732,-0.519075
-0.502765,-0.269534,0.705265,-0.016132,-0.012807,-0.093325,-0.995423,-0.396927,0.344837,0.107876,1.377371,-0.425476,0.056171,-0.628982,-0.197051,0.019483,1.117366,-0.476501,0.177726,-0.03202,0.260437,0.356912,0.500941,1.073475,0.876513,-0.016854,-0.176956,-0.020369,0.574946,-0.537972
-0.488992,-0.274787,0.716779,-0.01501,-0.019696,-0.114123,-0.993158,-0.478638,0.297466,0.183586,1.34195,-0.429299,0.042387,-0.573541,-0.216354,-0.02863,1.049743,-0.467205,0.167239,-0.031184,0.155842,0.266591,0.456167,1.039243,0.894891,-0.015315,-0.181296,-0.006587,0.638725,-0.561364
-0.474848,-0.279952,0.732978,-0.010787,-0.026179,-0.140985,-0.989607,-0.555412,0.230731,0.229108,1.271496,-0.402434,0.011397,-0.505316,-0.233821,-0.094606,0.968304,-0.449306,0.157109,-0.030938,0.046843,0.182855,0.387327,1.012175,0.922552,-0.003131,-0.175962,0.002229,0.684081,-0.576027
-0.458298,-0.284182,0.741521,-0.004796,-0.030869,-0.17134,-0.984717,-0.61566,0.157003,0.234965,1.169427,-0.37345,-0.041142,-0.429775,-0.245317,-0.175483,0.884569,-0.435372,0.147552,-0.032867,-0.068546,0.106427,0.268509,1.000406,0.983664,0.016714,-0.155006,-0.005723,0.714789,-0.576421
-0.441385,-0.287975,0.748305,0.003612,-0.032886,-0.204188,-0.978372,-0.661091,0.083132,0.198982,1.064653,-0.347586,-0.106456,-0.355331,-0.247204,-0.262109,0.818015,-0.427076,0.139711,-0.033041,-0.189971,0.043437,0.105551,1.001787,1.081008,0.03225,-0.128827,-0.01868,0.745103,-0.572012
-0.424273,-0.291092,0.751094,0.012342,-0.031212,-0.233572,-0.97176,-0.686538,0.024109,0.144529,0.969957,-0.326465,-0.134771,-0.288486,-0.239292,-0.341106,0.77631,-0.431249,0.132821,-0.029761,-0.298257,-0.013219,-0.078009,0.988056,1.19006,0.037419,-0.100216,-0.027353,0.786028,-0.568603
-0.407073,-0.293474,0.748858,0.019081,-0.027087,-0.254612,-0.966476,-0.69896,-0.013775,0.091581,0.911198,-0.315257,-0.135668,-0.238863,-0.226844,-0.398782,0.77075,-0.460656,0.126742,-0.024187,-0.389951,-0.063055,-0.249798,0.941766,1.281587,0.019961,-0.094036,0.01335,0.842974,-0.606374
-0.390405,-0.295304,0.74198,0.027544,-0.017774,-0.26787,-0.962897,-0.703062,-0.023617,0.062827,0.896918,-0.316195,-0.103369,-0.19861,-0.204369,-0.44056,0.793057,-0.506917,0.119179,-0.017201,-0.460157,-0.117793,-0.352177,0.861439,1.286085,-0.018234,-0.097123,0.066223,0.903885,-0.649371
